target_user_id,twitter_handle,fib_index,total_reshares,Source,Type,Domain,Rating,Score,Country,Language,followers
1367531,FoxNews,15,4209,NaN,NaN,NaN,NaN,NaN,NaN,NaN,24395539
1115874631,CGTNOfficial,NaN,NaN,https://twitter.com/CGTNOfficial,TWITTER,cgtn.com,N,44.5,US,en,12975019
487118986,XHNews,NaN,NaN,https://twitter.com/XHNews,TWITTER,english.news.cn,N,7.5,US,en,11979057
22703645,TuckerCarlson,19,101624,https://twitter.com/TuckerCarlson,TWITTER,tuckercarlson.com,N,17.5,US,en,11669837
39344374,DonaldJTrumpJr,83,55456,NaN,NaN,NaN,NaN,NaN,NaN,NaN,10958921
333357345,Cobratate,47,106866,NaN,NaN,NaN,NaN,NaN,NaN,NaN,8799547
4970411,AJEnglish,NaN,NaN,https://twitter.com/ajenglish,TWITTER,aljazeera.com,N,52,US,en,8797371
303862998,PDChina,NaN,NaN,https://twitter.com/PDChina,TWITTER,en.people.cn,N,39.5,US,en,6654033
41634520,seanhannity,12,1771,https://twitter.com/SeanHannity,TWITTER,hannity.com,N,39.5,US,en,6505847
16589206,wikileaks,NaN,NaN,https://twitter.com/wikileaks/,TWITTER,wikileaks.org,N,44.5,US,en,5619613
2836421,MSNBC,NaN,NaN,https://twitter.com/MSNBC,TWITTER,msnbc.com,N,49.5,US,en,5086644
95092020,jordanbpeterson,32,15806,NaN,NaN,NaN,NaN,NaN,NaN,NaN,5062249
50769180,IngrahamAngle,17,2858,https://twitter.com/IngrahamAngle,TWITTER,lauraingraham.com,N,39.5,US,en,4716094
6509832,CNNnews18,15,2453,NaN,NaN,NaN,NaN,NaN,NaN,NaN,4711090
39743812,EconomicTimes,26,8343,NaN,NaN,NaN,NaN,NaN,NaN,NaN,4349287
87775422,ChinaDaily,18,3029,NaN,NaN,NaN,NaN,NaN,NaN,NaN,4165469
38495835,marklevinshow,102,44387,NaN,NaN,NaN,NaN,NaN,NaN,NaN,3949266
91882544,DineshDSouza,59,53487,NaN,NaN,NaN,NaN,NaN,NaN,NaN,3898300
100731315,ActualidadRT,NaN,NaN,https://twitter.com/ActualidadRT,TWITTER,actualidad.rt.com,N,0,US,en,3515994
11134252,GOP,25,6291,NaN,NaN,NaN,NaN,NaN,NaN,NaN,3342677
1201670995435646976,laurenboebert,15,76566,NaN,NaN,NaN,NaN,NaN,NaN,NaN,3253738
64643056,RT_com,20,1335,https://twitter.com/rt_com,TWITTER,rt.com,N,20,US,en,3180498
1344356576786866176,RepMTG,44,168855,NaN,NaN,NaN,NaN,NaN,NaN,NaN,3059070
44945327,Franklin_Graham,22,12655,NaN,NaN,NaN,NaN,NaN,NaN,NaN,2931735
811972460560019456,republic,29,11372,https://twitter.com/republic,TWITTER,republicworld.com,N,39.5,US,en,2851612
292929271,charliekirk11,21,27680,https://twitter.com/charliekirk11,TWITTER,charliekirk.com,N,10,US,en,2795915
20545835,NEWSMAX,149,123916,https://twitter.com/newsmax?lang=en,TWITTER,newsmax.com,N,20,US,en,2657323
34200559,rianru,NaN,NaN,https://twitter.com/rianru,TWITTER,ria.ru,N,12.5,US,en,2633495
18266688,TomFitton,172,124457,NaN,NaN,NaN,NaN,NaN,NaN,NaN,2546505
50452226,augustosnunes,12,28870,NaN,NaN,NaN,NaN,NaN,NaN,NaN,2480589
1151913018936053760,jacksonhinklle,20,1233,NaN,NaN,NaN,NaN,NaN,NaN,NaN,2465475
26487169,LouDobbs,56,12734,NaN,NaN,NaN,NaN,NaN,NaN,NaN,2462405
592730371,JackPosobiec,73,61336,NaN,NaN,NaN,NaN,NaN,NaN,NaN,2461573
1033994695595065347,WayV_official,11,159927,NaN,NaN,NaN,NaN,NaN,NaN,NaN,2425246
18584875,hodgetwins,11,33946,NaN,NaN,NaN,NaN,NaN,NaN,NaN,2420442
1043185714437992449,catturd2,139,340425,NaN,NaN,NaN,NaN,NaN,NaN,NaN,2372245
1446932149148344320,ClownWorld_,21,6622,NaN,NaN,NaN,NaN,NaN,NaN,NaN,2327269
15212187,bennyjohnson,50,78796,NaN,NaN,NaN,NaN,NaN,NaN,NaN,2198260
729676086632656900,TeamTrump,21,7996,NaN,NaN,NaN,NaN,NaN,NaN,NaN,2182500
19091173,scrowder,49,12249,NaN,NaN,NaN,NaN,NaN,NaN,NaN,2175667
25101996,kimguilfoyle,39,11479,NaN,NaN,NaN,NaN,NaN,NaN,NaN,2146114
4081106480,realDailyWire,NaN,NaN,https://www.twitter.com/realdailywire,TWITTER,dailywire.com,N,49.5,US,en,2124057
2908170952,DiamondandSilk,41,8890,https://twitter.com/DiamondandSilk,TWITTER,diamondandsilk.com,N,52,US,en,2122149
18247062,JudicialWatch,66,20175,https://www.twitter.com/JudicialWatch,TWITTER,judicialwatch.org,N,57,US,en,2120707
16076032,ggreenwald,79,53597,NaN,NaN,NaN,NaN,NaN,NaN,NaN,2097140
196168350,AnnCoulter,11,551,NaN,NaN,NaN,NaN,NaN,NaN,NaN,2094301
1209936918,OANN,105,52085,https://www.twitter.com/oann,TWITTER,oann.com,N,25,US,en,2085799
457984599,BreitbartNews,NaN,NaN,https://twitter.com/BreitbartNews,TWITTER,breitbart.com,N,49.5,US,en,2082615
1212806053907185664,TheLeoTerrell,38,10790,NaN,NaN,NaN,NaN,NaN,NaN,NaN,1966069
38271276,mtaibbi,19,111704,NaN,NaN,NaN,NaN,NaN,NaN,NaN,1913083
49616273,globaltimesnews,52,13251,https://twitter.com/globaltimesnews,TWITTER,globaltimes.cn,N,39.5,US,en,1892826
1108472017144201216,TrumpWarRoom,16,6979,NaN,NaN,NaN,NaN,NaN,NaN,NaN,1889502
17454769,glennbeck,NaN,NaN,https://twitter.com/glennbeck,TWITTER,glennbeck.com,N,44.5,US,en,1814725
18856867,zerohedge,221,324005,https://twitter.com/zerohedge,TWITTER,zerohedge.com,N,15,US,en,1799121
47293791,w_terrence,44,27125,NaN,NaN,NaN,NaN,NaN,NaN,NaN,1737373
3376321847,iluminatibot,40,8923,NaN,NaN,NaN,NaN,NaN,NaN,NaN,1650062
15207668,HouseGOP,33,5235,NaN,NaN,NaN,NaN,NaN,NaN,NaN,1632790
75541946,LaraLeaTrump,13,343,NaN,NaN,NaN,NaN,NaN,NaN,NaN,1590267
1163992520252153857,mikepompeo,38,18503,NaN,NaN,NaN,NaN,NaN,NaN,NaN,1577477
25202268,SaraCarterDC,NaN,NaN,https://twitter.com/SaraCarterDC,TWITTER,saraacarter.com,N,32,US,en,1542794
2417586104,SebGorka,45,9372,https://twitter.com/SebGorka,TWITTER,sebgorka.com,N,32.5,US,en,1493428
240454812,GenFlynn,48,73415,NaN,NaN,NaN,NaN,NaN,NaN,NaN,1492707
18379614,RubinReport,36,7043,NaN,NaN,NaN,NaN,NaN,NaN,NaN,1484527
2835451658,MrAndyNgo,15,11555,NaN,NaN,NaN,NaN,NaN,NaN,NaN,1442341
875856268056969216,DC_Draino,52,298996,NaN,NaN,NaN,NaN,NaN,NaN,NaN,1417028
18643437,PrisonPlanet,129,52256,https://twitter.com/PrisonPlanet,TWITTER,summit.news,N,7.5,US,en,1383981
15392486,disclosetv,44,45250,NaN,NaN,NaN,NaN,NaN,NaN,NaN,1317112
208155240,MariaBartiromo,31,11821,NaN,NaN,NaN,NaN,NaN,NaN,NaN,1299591
1222939896349970432,revistaoeste,42,21615,NaN,NaN,NaN,NaN,NaN,NaN,NaN,1249681
358545917,Cernovich,31,8039,NaN,NaN,NaN,NaN,NaN,NaN,NaN,1219366
1366565625401909249,WallStreetSilv,12,38198,NaN,NaN,NaN,NaN,NaN,NaN,NaN,1200730
1446231057259433988,DrLoupis,33,133088,NaN,NaN,NaN,NaN,NaN,NaN,NaN,1189164
18005085,MZHemingway,129,63326,NaN,NaN,NaN,NaN,NaN,NaN,NaN,1164591
850036892,Project_Veritas,42,314585,https://twitter.com/Project_Veritas,TWITTER,projectveritas.com,N,44.5,US,en,1158707
39844876,RWMaloneMD,83,304618,NaN,NaN,NaN,NaN,NaN,NaN,NaN,1154646
523248016,jsolomonReports,146,75691,NaN,NaN,NaN,NaN,NaN,NaN,NaN,1114220
3096147528,dom_lucre,13,12661,NaN,NaN,NaN,NaN,NaN,NaN,NaN,1082957
334715818,BuckSexton,NaN,NaN,https://twitter.com/BuckSexton,TWITTER,independentchronicle.com,N,39.5,US,en,1070952
9890492,peta,NaN,NaN,https://www.twitter.com/peta,TWITTER,peta.org,N,57,US,en,1070713
22677397,atensnut,54,182984,NaN,NaN,NaN,NaN,NaN,NaN,NaN,1050605
722528529716383744,ACTBrigitte,58,20482,https://twitter.com/ACTBrigitte,TWITTER,brigittegabriel.com,N,50,US,en,1048870
375721095,Breaking911,155,96851,https://twitter.com/Breaking911,TWITTER,breaking911.com,N,52,US,en,1034623
3184454384,Nidhi,19,2404,NaN,NaN,NaN,NaN,NaN,NaN,NaN,1032583
56644534,CCTV,NaN,NaN,https://twitter.com/CCTV,TWITTER,english.cctv.com,N,44.5,US,en,1030261
1389360201996832771,PapiTrumpo,37,40706,NaN,NaN,NaN,NaN,NaN,NaN,NaN,1013972
778763106289758208,JennaEllisEsq,31,7653,NaN,NaN,NaN,NaN,NaN,NaN,NaN,1000284
1465347964252180493,P_McCulloughMD,138,119704,NaN,NaN,NaN,NaN,NaN,NaN,NaN,986598
41160276,prageru,44,8900,https://twitter.com/prageru,TWITTER,prageru.com,N,57,US,en,985405
4041824789,RSBNetwork,29,13535,https://twitter.com/rsbnetwork,TWITTER,rsbnetwork.com,N,10,US,en,964816
10774652,theblaze,44,8760,https://www.twitter.com/TheBlaze,TWITTER,theblaze.com,N,49.5,US,en,959981
264361128,Liz_Wheeler,13,7115,https://twitter.com/Liz_Wheeler,TWITTER,lizwheeler.com,N,29.5,US,en,949627
34367582,TimRunsHisMouth,15,6619,NaN,NaN,NaN,NaN,NaN,NaN,NaN,947539
22240612,AlArabiya_Eng,22,4508,https://twitter.com/AlArabiya_Eng,TWITTER,english.alarabiya.net,N,39.5,US,en,934519
16106584,stillgray,63,33154,NaN,NaN,NaN,NaN,NaN,NaN,NaN,906297
21536398,GreggJarrett,NaN,NaN,https://twitter.com/GreggJarrett,TWITTER,thegreggjarrett.com,N,32,US,en,861786
118845216,SheriffClarke,33,10467,NaN,NaN,NaN,NaN,NaN,NaN,NaN,858337
537709549,LauraLoomer,50,17238,NaN,NaN,NaN,NaN,NaN,NaN,NaN,823182
191871143,VigilantFox,99,232832,NaN,NaN,NaN,NaN,NaN,NaN,NaN,801209
806344552718045184,drsimonegold,NaN,NaN,https://twitter.com/drsimonegold,TWITTER,americasfrontlinedoctors.org,N,17.5,US,en,780437
588703829,sneako,28,4316,NaN,NaN,NaN,NaN,NaN,NaN,NaN,777985
1098091506886471680,laralogan,100,110564,NaN,NaN,NaN,NaN,NaN,NaN,NaN,774421
29097819,EpochTimes,NaN,NaN,https://twitter.com/EpochTimes,TWITTER,theepochtimes.com,N,17.5,US,en,764675
40891771,WhitlockJason,21,2556,NaN,NaN,NaN,NaN,NaN,NaN,NaN,762914
3047722897,realMikeLindell,12,27627,NaN,NaN,NaN,NaN,NaN,NaN,NaN,755929
2421067430,TeaPainUSA,70,14545,NaN,NaN,NaN,NaN,NaN,NaN,NaN,751743
17879692,TedNugent,14,21256,NaN,NaN,NaN,NaN,NaN,NaN,NaN,717838
19211550,gatewaypundit,110,96887,https://twitter.com/gatewaypundit,TWITTER,thegatewaypundit.com,N,30,US,en,713948
863527548,steve_hanke,17,1536,NaN,NaN,NaN,NaN,NaN,NaN,NaN,711815
1085225533623783424,KanekoaTheGreat,38,113215,NaN,NaN,NaN,NaN,NaN,NaN,NaN,703213
3065576725,SM_NCT,62,11458,NaN,NaN,NaN,NaN,NaN,NaN,NaN,699288
601535938,RealMattCouch,119,70270,NaN,NaN,NaN,NaN,NaN,NaN,NaN,696767
534023,alx,24,34290,NaN,NaN,NaN,NaN,NaN,NaN,NaN,668541
878284831,OccupyDemocrats,125,51507,NaN,NaN,NaN,NaN,NaN,NaN,NaN,668072
1577761560394665984,DiedSuddenly_,51,86407,https://twitter.com/DiedSuddenly_,TWITTER,diedsuddenly.info,N,22.5,US,en,667398
350822109,ElijahSchaffer,15,2733,NaN,NaN,NaN,NaN,NaN,NaN,NaN,664940
707231479047315456,PeterSweden7,12,25150,NaN,NaN,NaN,NaN,NaN,NaN,NaN,660401
4765364386,ChuckCallesto,34,124949,NaN,NaN,NaN,NaN,NaN,NaN,NaN,655613
239098915,mattletiss7,15,803,NaN,NaN,NaN,NaN,NaN,NaN,NaN,649410
94784682,JonathanTurley,56,34102,NaN,NaN,NaN,NaN,NaN,NaN,NaN,623629
130003441,simonateba,20,17254,NaN,NaN,NaN,NaN,NaN,NaN,NaN,623393
70355674,ashoswai,31,4435,NaN,NaN,NaN,NaN,NaN,NaN,NaN,620280
22956220,HeyTammyBruce,29,3035,NaN,NaN,NaN,NaN,NaN,NaN,NaN,619439
53789862,MaxBlumenthal,19,4542,NaN,NaN,NaN,NaN,NaN,NaN,NaN,596912
24822993,tracybeanz,33,4025,NaN,NaN,NaN,NaN,NaN,NaN,NaN,593342
472777204,DrAseemMalhotra,14,181715,NaN,NaN,NaN,NaN,NaN,NaN,NaN,592534
3091150576,trtworld,NaN,NaN,https://twitter.com/trtworld,TWITTER,trtworld.com,N,39.5,US,en,582117
3530404094,DavidJHarrisJr,11,374,https://twitter.com/DavidJHarrisJr,TWITTER,davidharrisjr.com,N,10,US,en,579588
147964447,interfax_news,NaN,NaN,https://twitter.com/interfax_news,TWITTER,interfax.com,N,47,US,en,575279
171632862,JaySekulow,14,574,NaN,NaN,NaN,NaN,NaN,NaN,NaN,575003
96906231,thevivafrei,39,12823,NaN,NaN,NaN,NaN,NaN,NaN,NaN,574403
466864852,BoSnerdley,84,60610,NaN,NaN,NaN,NaN,NaN,NaN,NaN,570117
3018960919,RebelNewsOnline,15,14139,NaN,NaN,NaN,NaN,NaN,NaN,NaN,566394
47253057,RogerJStoneJr,47,15422,NaN,NaN,NaN,NaN,NaN,NaN,NaN,562673
97054224,OzraeliAvi,27,247927,NaN,NaN,NaN,NaN,NaN,NaN,NaN,561377
98992586,jimmy_dore,30,8996,NaN,NaN,NaN,NaN,NaN,NaN,NaN,555658
1288319695658135552,realstewpeters,33,61303,NaN,NaN,NaN,NaN,NaN,NaN,NaN,549156
91583544,NickAdamsinUSA,NaN,NaN,https://twitter.com/nickadamsinusa,TWITTER,nickadamsusa.com,N,44.5,US,en,547210
2852597261,julie_kelly2,23,17622,NaN,NaN,NaN,NaN,NaN,NaN,NaN,546838
1355721251180961792,GuntherEagleman,30,12080,NaN,NaN,NaN,NaN,NaN,NaN,NaN,542993
55329156,RNCResearch,35,10445,NaN,NaN,NaN,NaN,NaN,NaN,NaN,528607
15115280,PalmerReport,NaN,NaN,https://twitter.com/PalmerReport,TWITTER,palmerreport.com,N,44.5,US,en,527937
567289542,Saudi_Gazette,NaN,NaN,https://twitter.com/Saudi_Gazette,TWITTER,saudigazette.com.sa,N,44.5,US,en,521726
47739450,ByronYork,12,2272,NaN,NaN,NaN,NaN,NaN,NaN,NaN,521054
282695161,WayneDupreeShow,19,1488,https://twitter.com/WayneDupreeShow,TWITTER,waynedupree.com,N,27.5,US,en,516878
46078438,MaajidNawaz,23,2828,NaN,NaN,NaN,NaN,NaN,NaN,NaN,508177
62957739,eduardomenoni,20,2019,NaN,NaN,NaN,NaN,NaN,NaN,NaN,502670
89732309,bainjal,14,893,NaN,NaN,NaN,NaN,NaN,NaN,NaN,502438
69172612,arabnews,NaN,NaN,https://twitter.com/arabnews,TWITTER,arabnews.com,N,44.5,US,en,502115
1194770389634895873,BonginoReport,243,205742,NaN,NaN,NaN,NaN,NaN,NaN,NaN,501690
95994080,Lukewearechange,27,14467,NaN,NaN,NaN,NaN,NaN,NaN,NaN,491974
368196789,thegoodgodabove,NaN,NaN,https://twitter.com/TheGoodGodAbove?lang=en,TWITTER,thegoodlordabove.com,N,29.5,US,en,480136
19553409,Rasmussen_Poll,28,4053,NaN,NaN,NaN,NaN,NaN,NaN,NaN,478858
203226736,SharylAttkisson,11,1715,https://twitter.com/SharylAttkisson,TWITTER,sharylattkisson.com,N,44.5,US,en,477541
168541923,ACTforAmerica,43,13458,NaN,NaN,NaN,NaN,NaN,NaN,NaN,471358
125128723,RaheemKassam,58,11493,NaN,NaN,NaN,NaN,NaN,NaN,NaN,469420
37491797,stkirsch,64,169782,https://twitter.com/stkirsch,TWITTER,kirschsubstack.com,N,37.5,US,en,463248
1313536464022646786,WarClandestine,13,29667,NaN,NaN,NaN,NaN,NaN,NaN,NaN,461207
14662354,WashTimes,17,3735,NaN,NaN,NaN,NaN,NaN,NaN,NaN,456057
321954654,kylenabecker,109,135191,NaN,NaN,NaN,NaN,NaN,NaN,NaN,454558
20675681,JamesMelville,15,37773,NaN,NaN,NaN,NaN,NaN,NaN,NaN,453790
1137562469017088000,konnect_danielk,19,82990,NaN,NaN,NaN,NaN,NaN,NaN,NaN,451340
1121554471,swati_gs,65,26860,NaN,NaN,NaN,NaN,NaN,NaN,NaN,449499
17828368,aciprensa,NaN,NaN,https://twitter.com/aciprensa,TWITTER,aciprensa.com,N,57,US,en,444711
560825868,VlogdoLisboa,11,380,NaN,NaN,NaN,NaN,NaN,NaN,NaN,442901
18956212,FAIRImmigration,37,4815,NaN,NaN,NaN,NaN,NaN,NaN,NaN,438743
69156861,TheChiefNerd,72,164289,NaN,NaN,NaN,NaN,NaN,NaN,NaN,438004
739610364975808513,paulsperry_,20,34067,NaN,NaN,NaN,NaN,NaN,NaN,NaN,434227
1408003598,FDRLST,69,21693,https://twitter.com/FDRLST,TWITTER,thefederalist.com,N,12.5,US,en,429144
1084375028,JasonMillerinDC,27,3479,NaN,NaN,NaN,NaN,NaN,NaN,NaN,428067
229141520,CortesSteve,14,803,NaN,NaN,NaN,NaN,NaN,NaN,NaN,421005
808080314,rumblevideo,20,14231,NaN,NaN,NaN,NaN,NaN,NaN,NaN,419687
12524522,mercola,NaN,NaN,https://twitter.com/mercola,TWITTER,mercola.com,N,25,US,en,415045
36529101,seanmdav,54,13708,NaN,NaN,NaN,NaN,NaN,NaN,NaN,412956
1131917492,JudiciaryGOP,18,6340,NaN,NaN,NaN,NaN,NaN,NaN,NaN,405118
17980523,mitchellvii,15,769,NaN,NaN,NaN,NaN,NaN,NaN,NaN,403686
3260357396,thehealthb0t,24,2164,NaN,NaN,NaN,NaN,NaN,NaN,NaN,401505
153517357,aaronjmate,23,6106,NaN,NaN,NaN,NaN,NaN,NaN,NaN,399572
499154896,alexbruesewitz,21,3741,NaN,NaN,NaN,NaN,NaN,NaN,NaN,390477
954124423,AmyMek,92,88747,NaN,NaN,NaN,NaN,NaN,NaN,NaN,389158
36749572,Alphafox78,11,1090,NaN,NaN,NaN,NaN,NaN,NaN,NaN,388734
841489249157468161,DemocracyDocket,NaN,NaN,https://twitter.com/DemocracyDocket,TWITTER,democracydocket.com,N,39.5,US,en,379363
757832485,realLizUSA,56,10373,NaN,NaN,NaN,NaN,NaN,NaN,NaN,378078
34262462,SputnikInt,NaN,NaN,https://twitter.com/SputnikInt,TWITTER,sputniknews.com,N,27.5,US,en,374567
3267456386,ColumbiaBugle,19,3809,NaN,NaN,NaN,NaN,NaN,NaN,NaN,371864
1329171068196622337,leslibless,17,25300,NaN,NaN,NaN,NaN,NaN,NaN,NaN,369390
289420613,naomirwolf,68,35305,NaN,NaN,NaN,NaN,NaN,NaN,NaN,369304
2730264319,EricMMatheny,26,5420,NaN,NaN,NaN,NaN,NaN,NaN,NaN,353695
70468535,LilaGraceRose,16,2539,NaN,NaN,NaN,NaN,NaN,NaN,NaN,352819
835040085573689346,ganaha_masako,13,14055,NaN,NaN,NaN,NaN,NaN,NaN,NaN,351500
896466491587080194,greg_price11,16,111574,NaN,NaN,NaN,NaN,NaN,NaN,NaN,345672
1129386732,Intl_Highlife,NaN,NaN,https://www.twitter.com/intl_highlife,TWITTER,internationalhighlife.com,N,39.5,US,en,341976
1576104206531960832,SpartaJustice,13,50426,NaN,NaN,NaN,NaN,NaN,NaN,NaN,340035
810055220,ProudElephantUS,36,44057,NaN,NaN,NaN,NaN,NaN,NaN,NaN,336208
15986949,BuzzPatterson,13,1566,NaN,NaN,NaN,NaN,NaN,NaN,NaN,332457
902200087,CassandraRules,11,403,NaN,NaN,NaN,NaN,NaN,NaN,NaN,332413
317385247,iheartmindy,52,27007,NaN,NaN,NaN,NaN,NaN,NaN,NaN,328874
1257667158,chiproytx,13,5947,NaN,NaN,NaN,NaN,NaN,NaN,NaN,327767
1528943647185678336,LeadingReport,NaN,NaN,https://twitter.com/LeadingReport,TWITTER,theleadingreport.com,N,0,US,en,327743
3946458353,ufob0t,13,740,NaN,NaN,NaN,NaN,NaN,NaN,NaN,326946
18279320,LizCrokin,16,3901,NaN,NaN,NaN,NaN,NaN,NaN,NaN,326740
50434933,LifeNewsHQ,113,82886,https://twitter.com/LifeNewsHQ,TWITTER,lifenews.com,N,17.5,US,en,324170
753385398718521344,BlazeTV,13,487,NaN,NaN,NaN,NaN,NaN,NaN,NaN,323967
2451476942,SwarajyaMag,37,13842,NaN,NaN,NaN,NaN,NaN,NaN,NaN,320941
952364011,ancientorigins,55,14326,NaN,NaN,NaN,NaN,NaN,NaN,NaN,319522
25837289,BernardKerik,17,14303,NaN,NaN,NaN,NaN,NaN,NaN,NaN,315710
1022693675250249729,DrewHLive,16,3991,NaN,NaN,NaN,NaN,NaN,NaN,NaN,311869
1881296893,PatrickByrne,38,5922,NaN,NaN,NaN,NaN,NaN,NaN,NaN,308625
27995424,johncardillo,11,584,NaN,NaN,NaN,NaN,NaN,NaN,NaN,308151
2301990517,barnes_law,23,1572,NaN,NaN,NaN,NaN,NaN,NaN,NaN,304828
4826563611,TheGrayzoneNews,24,6993,https://twitter.com/TheGrayzoneNews,TWITTER,thegrayzone.com,N,17.5,US,en,303546
19982260,OrganicConsumer,NaN,NaN,https://twitter.com/OrganicConsumer,TWITTER,organicconsumers.org,N,20,US,en,299035
4239551,amuse,53,51321,NaN,NaN,NaN,NaN,NaN,NaN,NaN,298606
4606670113,0ccultbot,11,539,NaN,NaN,NaN,NaN,NaN,NaN,NaN,297851
823255657902129153,richardursomd,12,940,NaN,NaN,NaN,NaN,NaN,NaN,NaN,294053
1139217161275101184,MdBreathe,14,15159,NaN,NaN,NaN,NaN,NaN,NaN,NaN,293429
961134787,TheRealKeean,114,83436,NaN,NaN,NaN,NaN,NaN,NaN,NaN,293076
1018582177381081095,RealScottRitter,17,3257,NaN,NaN,NaN,NaN,NaN,NaN,NaN,290990
3065301110,NBSaphierMD,11,2437,NaN,NaN,NaN,NaN,NaN,NaN,NaN,290535
4165642155,CRRJA5,42,17557,NaN,NaN,NaN,NaN,NaN,NaN,NaN,289142
18082945,mcspocky,12,950,NaN,NaN,NaN,NaN,NaN,NaN,NaN,288802
2388042907,christina_bobb,11,3504,NaN,NaN,NaN,NaN,NaN,NaN,NaN,285342
542962969,hrkbenowen,61,33204,NaN,NaN,NaN,NaN,NaN,NaN,NaN,282271
1522886895226658816,tateflixtv,45,5391,NaN,NaN,NaN,NaN,NaN,NaN,NaN,282098
806347865073315844,DFBHarvard,21,1529,NaN,NaN,NaN,NaN,NaN,NaN,NaN,278290
18809812,toadmeister,120,100690,NaN,NaN,NaN,NaN,NaN,NaN,NaN,275007
1099579684981944320,WallStreetApes,13,700,NaN,NaN,NaN,NaN,NaN,NaN,NaN,274495
1570180292,DowdEdward,11,12176,NaN,NaN,NaN,NaN,NaN,NaN,NaN,273030
19353402,greglaurie,12,1040,NaN,NaN,NaN,NaN,NaN,NaN,NaN,269412
20818801,dailykos,NaN,NaN,https://twitter.com/dailykos,TWITTER,dailykos.com,N,32.5,US,en,267718
15455253,nedryun,28,5988,NaN,NaN,NaN,NaN,NaN,NaN,NaN,264925
1031747223569227776,DarrenJBeattie,57,16908,NaN,NaN,NaN,NaN,NaN,NaN,NaN,262291
20076659,theMRC,15,855,NaN,NaN,NaN,NaN,NaN,NaN,NaN,261119
121532017,stella_immanuel,19,12147,NaN,NaN,NaN,NaN,NaN,NaN,NaN,252066
19985444,jihadwatchRS,NaN,NaN,https://twitter.com/jihadwatchRS,TWITTER,jihadwatch.org,N,22.5,US,en,251796
1242534200634478593,RealPNavarro,11,1236,NaN,NaN,NaN,NaN,NaN,NaN,NaN,251746
165039823,Peoples_Pundit,14,750,NaN,NaN,NaN,NaN,NaN,NaN,NaN,250616
4249826728,swilkinsonbc,19,1217,NaN,NaN,NaN,NaN,NaN,NaN,NaN,248641
26157047,DanKEberhart,40,7128,NaN,NaN,NaN,NaN,NaN,NaN,NaN,248498
15328881,DavidWolfe,13,22694,NaN,NaN,NaN,NaN,NaN,NaN,NaN,247689
935942321756966912,RealAmVoice,62,25013,https://twitter.com/RealAmVoice,TWITTER,americasvoice.news,N,25,US,en,245123
15645871,DrEddyClinic,NaN,NaN,https://twitter.com/dreddyclinic,TWITTER,dreddymd.com,N,7.5,US,en,244086
1145866561271554048,nataliegwinters,27,9433,NaN,NaN,NaN,NaN,NaN,NaN,NaN,242730
594886554,TheLastRefuge2,89,28765,https://twitter.com/TheLastRefuge2,TWITTER,theconservativetreehouse.com,N,20,US,en,242107
1255176009764294656,Covid19Critical,12,364,https://twitter.com/Covid19Critical,TWITTER,covid19criticalcare.com,N,17.5,US,en,237316
469194846,TwitchyTeam,NaN,NaN,https://www.twitter.com/twitchyteam,TWITTER,twitchy.com,N,52,US,en,237219
19899606,DVATW,13,17102,NaN,NaN,NaN,NaN,NaN,NaN,NaN,235213
177564016,SteveDeaceShow,22,1356,NaN,NaN,NaN,NaN,NaN,NaN,NaN,234348
2383882980,FatEmperor,20,7294,NaN,NaN,NaN,NaN,NaN,NaN,NaN,233987
15515169,toddstarnes,NaN,NaN,https://twitter.com/toddstarnes,TWITTER,toddstarnes.com,N,49.5,US,en,230232
20118767,RealDrGina,17,648,NaN,NaN,NaN,NaN,NaN,NaN,NaN,224744
499479056,TexasLindsay_,17,25320,NaN,NaN,NaN,NaN,NaN,NaN,NaN,224263
17349381,frfrankpavone,76,28502,NaN,NaN,NaN,NaN,NaN,NaN,NaN,221337
1439405246518906881,IamBrookJackson,14,4260,NaN,NaN,NaN,NaN,NaN,NaN,NaN,219571
1251638956359385089,DrJudyAMikovits,25,4908,NaN,NaN,NaN,NaN,NaN,NaN,NaN,217310
114934815,sohbunshu,11,452,NaN,NaN,NaN,NaN,NaN,NaN,NaN,215580
782018153207431168,ChildrensHD,83,35020,https://twitter.com/childrenshd,TWITTER,childrenshealthdefense.org,N,17.5,US,en,215286
86177206,TPPatriots,12,1278,NaN,NaN,NaN,NaN,NaN,NaN,NaN,214309
2316003960,CR,NaN,NaN,https://twitter.com/CR,TWITTER,conservativereview.com,N,44.5,US,en,214308
3775360879,Quillette,15,1012,NaN,NaN,NaN,NaN,NaN,NaN,NaN,213377
245441097,JoeConchaTV,13,1350,NaN,NaN,NaN,NaN,NaN,NaN,NaN,212878
414962189,MintPressNews,NaN,NaN,https://twitter.com/MintPressNews,TWITTER,mintpressnews.com,N,22.5,US,en,211209
1422887886010019845,jamong1323,109,89436,NaN,NaN,NaN,NaN,NaN,NaN,NaN,210628
449974837,JohnMappin,17,16623,NaN,NaN,NaN,NaN,NaN,NaN,NaN,209766
1446465174,akafacehots,60,19408,NaN,NaN,NaN,NaN,NaN,NaN,NaN,207247
2449913803,MsAvaArmstrong,12,1078,NaN,NaN,NaN,NaN,NaN,NaN,NaN,206782
252398355,RMConservative,42,6032,NaN,NaN,NaN,NaN,NaN,NaN,NaN,205590
1488585899537584128,CartlandDavid,54,21562,NaN,NaN,NaN,NaN,NaN,NaN,NaN,203190
1161261376846946305,Babygravy9,11,603,NaN,NaN,NaN,NaN,NaN,NaN,NaN,202448
851985789072408576,HighWireTalk,37,5324,https://twitter.com/highwiretalk,TWITTER,thehighwire.com,N,22.5,US,en,197358
105901883,ericmetaxas,29,3454,NaN,NaN,NaN,NaN,NaN,NaN,NaN,197228
1591834567207522305,MAGAIncWarRoom,19,5654,NaN,NaN,NaN,NaN,NaN,NaN,NaN,196733
147821538,Leafly,NaN,NaN,https://twitter.com/Leafly,TWITTER,leafly.com,N,55,US,en,192795
177584156,jjauthor,12,547,NaN,NaN,NaN,NaN,NaN,NaN,NaN,192639
1551842418927869952,AllBiteNoBark88,38,21896,NaN,NaN,NaN,NaN,NaN,NaN,NaN,190896
20791372,ACLJ,NaN,NaN,https://twitter.com/ACLJ,TWITTER,aclj.org,N,57,US,en,189001
1552407495255199745,Xx17965797N,75,49487,NaN,NaN,NaN,NaN,NaN,NaN,NaN,188344
940430173517811714,intheMatrixxx,12,547,NaN,NaN,NaN,NaN,NaN,NaN,NaN,188232
1520130560231981057,Plandemic3Movie,NaN,NaN,https://x.com/Plandemic3Movie?s=20,TWITTER,plandemicseries.com,N,35,US,en,188229
1317304122,RenzTom,27,10160,NaN,NaN,NaN,NaN,NaN,NaN,NaN,188228
21651982,lsferguson,11,613,NaN,NaN,NaN,NaN,NaN,NaN,NaN,187469
1426227719470157827,KimIversenShow,14,3523,NaN,NaN,NaN,NaN,NaN,NaN,NaN,187222
1021461090671030272,SaltyCracker9,62,8582,NaN,NaN,NaN,NaN,NaN,NaN,NaN,186542
1125693852063498241,JimFergusonUK,42,37905,NaN,NaN,NaN,NaN,NaN,NaN,NaN,186157
33665720,RyLiberty,11,375,NaN,NaN,NaN,NaN,NaN,NaN,NaN,182948
19737700,JoeTalkShow,26,6413,NaN,NaN,NaN,NaN,NaN,NaN,NaN,182408
4717892303,V_of_Europe,NaN,NaN,https://twitter.com/V_of_Europe,TWITTER,voiceofeurope.com,N,15,US,en,182337
1052225335318712320,annvandersteel,12,285,NaN,NaN,NaN,NaN,NaN,NaN,NaN,182230
1313128625680592896,DrLiMengYAN1,22,4890,NaN,NaN,NaN,NaN,NaN,NaN,NaN,181657
15669672,PamelaGeller,46,10904,https://twitter.com/pamelageller,TWITTER,gellerreport.com,N,10,US,en,181477
45500908,FiorellaIsabelM,11,282,NaN,NaN,NaN,NaN,NaN,NaN,NaN,180032
18001922,LiveAction,NaN,NaN,https://twitter.com/liveaction,TWITTER,liveaction.org,N,30,US,en,179220
1216793092134723586,JustTheNews,48,29037,NaN,NaN,NaN,NaN,NaN,NaN,NaN,175510
32792712,EndGameWW3,18,1078,NaN,NaN,NaN,NaN,NaN,NaN,NaN,172890
49698174,tomselliott,11,1056,NaN,NaN,NaN,NaN,NaN,NaN,NaN,172214
32867753,silvano_trotta,48,34987,NaN,NaN,NaN,NaN,NaN,NaN,NaN,171359
1634986333721559041,MJTruthUltra,11,485,NaN,NaN,NaN,NaN,NaN,NaN,NaN,169210
20394822,mrddmia,43,25192,NaN,NaN,NaN,NaN,NaN,NaN,NaN,168523
1518709627927633920,PeteHegseth,29,30515,NaN,NaN,NaN,NaN,NaN,NaN,NaN,167272
1679362640,MichaelPSenger,18,11183,NaN,NaN,NaN,NaN,NaN,NaN,NaN,167183
284920800,news18dotcom,24,5288,NaN,NaN,NaN,NaN,NaN,NaN,NaN,166727
1262182550656757768,NaturallyFTW,13,15652,NaN,NaN,NaN,NaN,NaN,NaN,NaN,166356
41635723,coasttocoastam,12,886,NaN,NaN,NaN,NaN,NaN,NaN,NaN,166186
18093097,unhealthytruth,NaN,NaN,https://twitter.com/unhealthytruth,TWITTER,healthnutnews.com,N,20,US,en,165095
856590732907433985,robinmonotti,21,22791,NaN,NaN,NaN,NaN,NaN,NaN,NaN,164625
16936686,21WIRE,28,3675,NaN,NaN,NaN,NaN,NaN,NaN,NaN,162304
56575418,timand2037,17,3612,NaN,NaN,NaN,NaN,NaN,NaN,NaN,161580
44111669,andweknow,13,1386,NaN,NaN,NaN,NaN,NaN,NaN,NaN,161224
1494513441234636815,RickyDoggin,19,2757,NaN,NaN,NaN,NaN,NaN,NaN,NaN,160013
1062754443798532096,MakisMD,19,2170,NaN,NaN,NaN,NaN,NaN,NaN,NaN,159762
36266589,Shawn_Farash,12,764,NaN,NaN,NaN,NaN,NaN,NaN,NaN,159725
1029465832781492226,RekietaLaw,20,1623,NaN,NaN,NaN,NaN,NaN,NaN,NaN,158287
1391903682191630338,svtcontents,33,4047,NaN,NaN,NaN,NaN,NaN,NaN,NaN,157842
1336733113322496000,Moms4Liberty,13,477,NaN,NaN,NaN,NaN,NaN,NaN,NaN,157823
765255265503543296,ProfMJCleveland,42,7081,NaN,NaN,NaN,NaN,NaN,NaN,NaN,155539
24787367,LionelMedia,12,518,NaN,NaN,NaN,NaN,NaN,NaN,NaN,153081
418830106,kksheld,12,961,NaN,NaN,NaN,NaN,NaN,NaN,NaN,151789
1318263321745907713,its_the_Dr,26,27166,NaN,NaN,NaN,NaN,NaN,NaN,NaN,151179
859409582426251269,emeriticus,24,3059,NaN,NaN,NaN,NaN,NaN,NaN,NaN,150009
1251900966770794498,AuronMacintyre,11,885,NaN,NaN,NaN,NaN,NaN,NaN,NaN,149888
319901933,KatieDaviscourt,13,4590,NaN,NaN,NaN,NaN,NaN,NaN,NaN,148686
1435906191373180933,RealPepeEscobar,18,2834,NaN,NaN,NaN,NaN,NaN,NaN,NaN,146065
112684779,DaveAtherton20,18,9320,NaN,NaN,NaN,NaN,NaN,NaN,NaN,145885
895118100,JohnBoweActor,13,5095,NaN,NaN,NaN,NaN,NaN,NaN,NaN,145540
430130014,March_for_Life,14,617,NaN,NaN,NaN,NaN,NaN,NaN,NaN,144793
917683048782503937,michaelxpettis,11,358,NaN,NaN,NaN,NaN,NaN,NaN,NaN,143806
35013035,BusyDrT,17,1906,NaN,NaN,NaN,NaN,NaN,NaN,NaN,142365
87282944,viniciuscfp82,11,9119,NaN,NaN,NaN,NaN,NaN,NaN,NaN,141458
94120026,naoyafujiwara,65,14886,NaN,NaN,NaN,NaN,NaN,NaN,NaN,141096
1396494923243851785,Fynnderella1,11,785,NaN,NaN,NaN,NaN,NaN,NaN,NaN,140637
1518719815640395777,AntonioSabatoJr,41,45080,NaN,NaN,NaN,NaN,NaN,NaN,NaN,140557
14602051,mkolken,18,1605,NaN,NaN,NaN,NaN,NaN,NaN,NaN,140249
224430095,aawsat_eng,NaN,NaN,https://twitter.com/aawsat_eng?ref_src=twsrc%5Egoogle%7Ctwcamp%5Eserp%7Ctwgr%5Eauthor,TWITTER,english.aawsat.com,N,39.5,US,en,139783
1498697025994432518,IanJaeger29,16,11058,NaN,NaN,NaN,NaN,NaN,NaN,NaN,139551
844136511079559168,IndoPac_Info,13,462,NaN,NaN,NaN,NaN,NaN,NaN,NaN,139181
1057029255362531330,ReadeAlexandra,13,767,NaN,NaN,NaN,NaN,NaN,NaN,NaN,138939
34002725,Mondoweiss,11,688,NaN,NaN,NaN,NaN,NaN,NaN,NaN,138893
970842528541896704,GF_Saihate,68,39526,NaN,NaN,NaN,NaN,NaN,NaN,NaN,138555
831088844657135617,dramapotatoe,95,35143,NaN,NaN,NaN,NaN,NaN,NaN,NaN,137914
951165164,t_d_h_nair,14,3975,NaN,NaN,NaN,NaN,NaN,NaN,NaN,137334
2244134066,clif_high,57,9634,NaN,NaN,NaN,NaN,NaN,NaN,NaN,136798
1537225604554031104,UltraDane,13,10558,NaN,NaN,NaN,NaN,NaN,NaN,NaN,136707
590211920,libertytarian,15,753,NaN,NaN,NaN,NaN,NaN,NaN,NaN,136168
487600344,Bipartisanism,23,3441,https://twitter.com/bipartisanism,TWITTER,bipartisanreport.com,N,57.5,US,en,135795
1964862775,GUnderground_TV,44,6757,NaN,NaN,NaN,NaN,NaN,NaN,NaN,135435
29398579,prasannavishy,25,2687,NaN,NaN,NaN,NaN,NaN,NaN,NaN,135407
845945503275610113,jjarchiv,52,17793,NaN,NaN,NaN,NaN,NaN,NaN,NaN,135059
21150492,JunkScience,64,82890,NaN,NaN,NaN,NaN,NaN,NaN,NaN,132317
1558263729913053192,DeSantisWarRoom,14,641,NaN,NaN,NaN,NaN,NaN,NaN,NaN,132209
20340705,denisrancourt,14,1305,NaN,NaN,NaN,NaN,NaN,NaN,NaN,131862
1903712426,tassagency_en,NaN,NaN,https://twitter.com/tassagency_en,TWITTER,tass.com,N,15,US,en,131693
958404232587108352,SantaSurfing,24,1708,NaN,NaN,NaN,NaN,NaN,NaN,NaN,131216
48177630,BPUnion,15,8837,NaN,NaN,NaN,NaN,NaN,NaN,NaN,131180
1430605174674964480,JDunlap1974,68,19288,NaN,NaN,NaN,NaN,NaN,NaN,NaN,130719
14559721,stinchfield1776,11,316,NaN,NaN,NaN,NaN,NaN,NaN,NaN,130609
825608011,JustinTHaskins,12,477,NaN,NaN,NaN,NaN,NaN,NaN,NaN,130451
1420863242054864898,Spiro_Ghost,12,2219,NaN,NaN,NaN,NaN,NaN,NaN,NaN,129633
1403784319122907136,BehizyTweets,12,22229,NaN,NaN,NaN,NaN,NaN,NaN,NaN,128715
1178805312679071745,Doctor_I_am_The,19,1285,NaN,NaN,NaN,NaN,NaN,NaN,NaN,128538
822547465874378752,TrumpTrackerJP,22,1431,NaN,NaN,NaN,NaN,NaN,NaN,NaN,128506
24431556,GeorgiaLogCabin,25,1965,NaN,NaN,NaN,NaN,NaN,NaN,NaN,127141
454232867,SGTreport,13,545,https://twitter.com/sgtreport?lang=en,TWITTER,sgtreport.com,N,0,US,en,126935
2318165929,coffee_anytime,12,719,NaN,NaN,NaN,NaN,NaN,NaN,NaN,125584
114807372,DrChrisNorthrup,NaN,NaN,https://twitter.com/drchrisnorthrup,TWITTER,drnorthrup.com,N,35,US,en,125391
1146021318082609152,Finanzas_Times,14,1056,NaN,NaN,NaN,NaN,NaN,NaN,NaN,124719
1456081524827332615,Storiesofinjury,12,9952,NaN,NaN,NaN,NaN,NaN,NaN,NaN,124512
24522990,GarlandNixon,22,4234,NaN,NaN,NaN,NaN,NaN,NaN,NaN,122993
1337531542114078722,JovanHPulitzer,22,1645,NaN,NaN,NaN,NaN,NaN,NaN,NaN,122960
3235352208,jaemin_th,15,4171,NaN,NaN,NaN,NaN,NaN,NaN,NaN,122229
1349136991078785025,DrShayPhD,15,1894,NaN,NaN,NaN,NaN,NaN,NaN,NaN,122168
1572370938875854848,KyleSeraphin,25,1927,NaN,NaN,NaN,NaN,NaN,NaN,NaN,121502
1453047454677491718,AGHuff,29,9987,NaN,NaN,NaN,NaN,NaN,NaN,NaN,121479
129571843,RealKyleMorris,33,6213,NaN,NaN,NaN,NaN,NaN,NaN,NaN,120181
22803269,cooltxchick,31,22231,NaN,NaN,NaN,NaN,NaN,NaN,NaN,119618
1597949369231237126,NFSCSpeak,27,1921,NaN,NaN,NaN,NaN,NaN,NaN,NaN,117621
1687460006,MatthewTyrmand,12,6963,NaN,NaN,NaN,NaN,NaN,NaN,NaN,117385
209693451,Steve_Sailer,27,2734,NaN,NaN,NaN,NaN,NaN,NaN,NaN,117343
934049237628841984,AKA_RealDirty,29,4987,NaN,NaN,NaN,NaN,NaN,NaN,NaN,116399
1359994684660088837,laura_7771,26,1838,NaN,NaN,NaN,NaN,NaN,NaN,NaN,115679
11622712,JDRucker,NaN,NaN,https://twitter.com/jdrucker,TWITTER,americafirstreport.com,N,20,US,en,115531
71880823,Cubanoselmundo,NaN,NaN,https://twitter.com/Cubanoselmundo,TWITTER,cubanosporelmundo.com,N,57.5,US,en,114248
155344732,DelanoSquires,15,587,NaN,NaN,NaN,NaN,NaN,NaN,NaN,112876
934399189,Ruptly,NaN,NaN,https://twitter.com/Ruptly,TWITTER,ruptly.tv,N,12.5,US,en,112065
800983787945357312,picphysicians,NaN,NaN,https://twitter.com/picphysicians,TWITTER,physiciansforinformedconsent.org,N,39.5,US,en,109986
256057148,hugh_mankind,24,30013,NaN,NaN,NaN,NaN,NaN,NaN,NaN,109840
51241418,taradublinrocks,28,3620,NaN,NaN,NaN,NaN,NaN,NaN,NaN,109475
111704438,FocusFamily,NaN,NaN,https://twitter.com/FocusFamily,TWITTER,focusonthefamily.com,N,57,US,en,109433
1540801222772494336,SaltyGoat17,11,423,NaN,NaN,NaN,NaN,NaN,NaN,NaN,108738
1527223403920232448,GigaBeers,20,2381,NaN,NaN,NaN,NaN,NaN,NaN,NaN,108053
262375914,CrimeWatchMpls,14,443,NaN,NaN,NaN,NaN,NaN,NaN,NaN,107640
952820189191536641,XisMoments,11,700,NaN,NaN,NaN,NaN,NaN,NaN,NaN,107470
1573472503,VeBo1991,17,7791,NaN,NaN,NaN,NaN,NaN,NaN,NaN,106946
1452046678383632385,Kc_Casey1,36,4928,NaN,NaN,NaN,NaN,NaN,NaN,NaN,106590
1180955037301915649,kacdnp91,12,1067,NaN,NaN,NaN,NaN,NaN,NaN,NaN,106238
916114570833551360,Beard_Vet,17,1535,NaN,NaN,NaN,NaN,NaN,NaN,NaN,106166
734315151919218688,DOYOUNG__21,33,10823,NaN,NaN,NaN,NaN,NaN,NaN,NaN,105329
720373269803589632,LennyDykstra,15,1232,NaN,NaN,NaN,NaN,NaN,NaN,NaN,105315
195717987,JamieSale,33,17776,NaN,NaN,NaN,NaN,NaN,NaN,NaN,104954
264277605,NedaaAlkhamis,13,736,NaN,NaN,NaN,NaN,NaN,NaN,NaN,104014
938687642,NewAgeBDcom,NaN,NaN,https://twitter.com/NewAgeBDcom,TWITTER,newagebd.net,N,35,US,en,103742
25596174,KUSINews,NaN,NaN,https://twitter.com/KUSINews,TWITTER,kusi.com,N,44.5,US,en,103273
1588609928154972167,PeriklesGREAT,27,1344,NaN,NaN,NaN,NaN,NaN,NaN,NaN,103113
419084104,DavidBCollum,16,772,NaN,NaN,NaN,NaN,NaN,NaN,NaN,102967
820723171112448001,AlternatNews,11,1755,NaN,NaN,NaN,NaN,NaN,NaN,NaN,102599
1957674949,MadWorldNews,NaN,NaN,https://twitter.com/MadWorldNews,TWITTER,madworldnews.com,N,37.5,US,en,102151
1335569586951950342,RealGeorgeWebb1,38,3814,NaN,NaN,NaN,NaN,NaN,NaN,NaN,101106
1404556131452653569,RDog861,19,1308,NaN,NaN,NaN,NaN,NaN,NaN,NaN,100012
390127278,JKash000,13,429,NaN,NaN,NaN,NaN,NaN,NaN,NaN,99783
562255311,LarrySchweikart,14,496,NaN,NaN,NaN,NaN,NaN,NaN,NaN,99676
801962070,StevePieczenik,15,531,NaN,NaN,NaN,NaN,NaN,NaN,NaN,99159
1347365630601617410,gc22gc,71,23462,NaN,NaN,NaN,NaN,NaN,NaN,NaN,98423
135189186,RedPill78,15,578,NaN,NaN,NaN,NaN,NaN,NaN,NaN,98419
186562905,Kevin_Shipp,13,604,NaN,NaN,NaN,NaN,NaN,NaN,NaN,97808
14175873,aparanjape,11,343,NaN,NaN,NaN,NaN,NaN,NaN,NaN,97490
292250240,goop,NaN,NaN,https://twitter.com/goop,TWITTER,goop.com,N,22.5,US,en,97384
146208663,freenbeckynews,42,6053,NaN,NaN,NaN,NaN,NaN,NaN,NaN,97313
78630413,RobertoCarlo14,37,4847,NaN,NaN,NaN,NaN,NaN,NaN,NaN,96247
2510362008,Patrici15767099,17,864,NaN,NaN,NaN,NaN,NaN,NaN,NaN,95578
1114237991797522434,Jakelyneloiola_,22,4681,NaN,NaN,NaN,NaN,NaN,NaN,NaN,94527
1205125431948537858,headBONDmeLWJ,16,5246,NaN,NaN,NaN,NaN,NaN,NaN,NaN,93447
32918169,lancewallnau,12,588,NaN,NaN,NaN,NaN,NaN,NaN,NaN,93200
1147253398670102529,UncoverDC,NaN,NaN,https://twitter.com/UncoverDC,TWITTER,uncoverdc.com,N,27.5,US,en,93090
18029139,BlackNews,NaN,NaN,https://twitter.com/BlackNews,TWITTER,blacknews.com,N,44.5,US,en,92723
34209920,PravdaRu,NaN,NaN,https://twitter.com/PravdaRu,TWITTER,english.pravda.ru,N,17.5,US,en,92217
2467720274,AmerIndependent,NaN,NaN,https://twitter.com/amerindependent,TWITTER,americanindependent.com,N,57,US,en,91346
1497443418154442753,CL4WS_OUT,15,2873,NaN,NaN,NaN,NaN,NaN,NaN,NaN,90774
609244293,Hamletgarcia17,80,18271,NaN,NaN,NaN,NaN,NaN,NaN,NaN,90303
200568348,MediterraneoDGT,NaN,NaN,https://twitter.com/MediterraneoDGT,TWITTER,mediterraneodigital.com,N,57,US,en,89794
1355216628737339395,Concern70732755,14,5411,NaN,NaN,NaN,NaN,NaN,NaN,NaN,89792
15302774,davidharsanyi,18,1788,NaN,NaN,NaN,NaN,NaN,NaN,NaN,89646
1264680484459724802,TheEXECUTlONER_,32,9579,NaN,NaN,NaN,NaN,NaN,NaN,NaN,89587
187879473,JoostNiemoller,13,1584,NaN,NaN,NaN,NaN,NaN,NaN,NaN,89581
1069697383829651456,PaulMitchell_AB,24,4873,NaN,NaN,NaN,NaN,NaN,NaN,NaN,89565
1478792963090169860,healthbyjames,67,196248,NaN,NaN,NaN,NaN,NaN,NaN,NaN,89421
371967650,SoniaPoulton,18,1468,NaN,NaN,NaN,NaN,NaN,NaN,NaN,89248
1553876653406814211,Rammie24,52,7253,NaN,NaN,NaN,NaN,NaN,NaN,NaN,89090
212308700,aigkenham,18,841,NaN,NaN,NaN,NaN,NaN,NaN,NaN,89050
1489396994372157449,USAPat4DJT,34,2514,NaN,NaN,NaN,NaN,NaN,NaN,NaN,87692
144580542,Thomas_Binder,30,3660,NaN,NaN,NaN,NaN,NaN,NaN,NaN,87380
797404860,rycunni,11,31930,NaN,NaN,NaN,NaN,NaN,NaN,NaN,86943
1256287772144332800,SheldonRothMD1,41,7705,NaN,NaN,NaN,NaN,NaN,NaN,NaN,86587
135246429,blckbxnews,26,4796,NaN,NaN,NaN,NaN,NaN,NaN,NaN,85506
748163236479000576,TonyHinton2016,19,5001,NaN,NaN,NaN,NaN,NaN,NaN,NaN,84697
1499860649232551942,Serenityin24,17,2305,NaN,NaN,NaN,NaN,NaN,NaN,NaN,84447
1551523351843192834,DameScorpio,50,8630,NaN,NaN,NaN,NaN,NaN,NaN,NaN,84400
761597234530152450,LawrenceSellin,21,1428,NaN,NaN,NaN,NaN,NaN,NaN,NaN,83647
187578616,horowitz39,NaN,NaN,https://twitter.com/horowitz39,TWITTER,frontpagemag.com,N,30,US,en,82863
2972870754,The_FJC,17,1547,NaN,NaN,NaN,NaN,NaN,NaN,NaN,82841
1265602451287109634,jenocutest,11,1589,NaN,NaN,NaN,NaN,NaN,NaN,NaN,82683
1060573081935249409,NTDNews,18,3128,NaN,NaN,NaN,NaN,NaN,NaN,NaN,82677
1523013436631830530,BPartisans,17,1893,NaN,NaN,NaN,NaN,NaN,NaN,NaN,82308
851526166100029442,NextRevFNC,11,332,NaN,NaN,NaN,NaN,NaN,NaN,NaN,82162
15503210,Antiwarcom,NaN,NaN,https://twitter.com/Antiwarcom?ref_src=twsrc%5Egoogle%7Ctwcamp%5Eserp%7Ctwgr%5Eauthor,TWITTER,antiwar.com,N,49.5,US,en,81742
134555743,OneGreenPlanet,NaN,NaN,https://twitter.com/OneGreenPlanet,TWITTER,onegreenplanet.org,N,40,US,en,81508
1182332284403376128,TheFirstonTV,NaN,NaN,https://twitter.com/TheFirstonTV,TWITTER,thefirsttv.com,N,52,US,en,81492
123975474,jonrappoport,NaN,NaN,https://www.twitter.com/jonrappoport,TWITTER,nomorefakenews.com,N,17.5,US,en,81491
15450660,Greg_Palast,NaN,NaN,https://twitter.com/Greg_Palast,TWITTER,gregpalast.com,N,49.5,US,en,81406
1519736925837479937,ricwe123,20,13360,NaN,NaN,NaN,NaN,NaN,NaN,NaN,81073
1009560837734846464,LivePDDave1,11,468,NaN,NaN,NaN,NaN,NaN,NaN,NaN,80390
8.89831E+17,CoffindafferFBI,13,573,NaN,NaN,NaN,NaN,NaN,NaN,NaN,80175
4769536303,ToscaAusten,11,2838,NaN,NaN,NaN,NaN,NaN,NaN,NaN,80100
1116345515761909760,EMichaelJones1,16,771,NaN,NaN,NaN,NaN,NaN,NaN,NaN,79856
2554131522,HeshmatAlavi,12,447,NaN,NaN,NaN,NaN,NaN,NaN,NaN,79827
1043097751,RonPaulInstitut,NaN,NaN,https://twitter.com/RonPaulInstitut,TWITTER,ronpaulinstitute.org,N,30,US,en,79384
1267213298384150529,nickveniamin,16,1248,NaN,NaN,NaN,NaN,NaN,NaN,NaN,78705
116384038,pepesgrandma,28,4760,NaN,NaN,NaN,NaN,NaN,NaN,NaN,78584
65159946,JohnBasham,16,1522,NaN,NaN,NaN,NaN,NaN,NaN,NaN,78430
1351443896799150080,Synchro2021,13,558,NaN,NaN,NaN,NaN,NaN,NaN,NaN,78276
1508443136321724416,BossC_Official,17,3438,NaN,NaN,NaN,NaN,NaN,NaN,NaN,77673
1153042794375712770,HowleyReporter,16,4526,NaN,NaN,NaN,NaN,NaN,NaN,NaN,76726
2802207875,VerdadeseNadaMa,12,1363,NaN,NaN,NaN,NaN,NaN,NaN,NaN,76636
3066129832,TheNatPulse,NaN,NaN,https://twitter.com/TheNatPulse,TWITTER,thenationalpulse.com,N,7.5,US,en,76475
1060579035170959360,griptmedia,69,20599,NaN,NaN,NaN,NaN,NaN,NaN,NaN,75742
60698597,Consortiumnews,NaN,NaN,https://twitter.com/Consortiumnews,TWITTER,consortiumnews.com,N,47.5,US,en,75674
20837035,lewrockwell,NaN,NaN,https://twitter.com/lewrockwell,TWITTER,lewrockwell.com,N,12.5,US,en,75645
2819892940,stratpol_site,21,3122,NaN,NaN,NaN,NaN,NaN,NaN,NaN,75585
822504009323970561,Lisahudsonchow7,11,494,NaN,NaN,NaN,NaN,NaN,NaN,NaN,75581
1527027191552294915,BillEllmore,33,23646,NaN,NaN,NaN,NaN,NaN,NaN,NaN,75384
1567499452750991360,lawrie_dr,14,1219,NaN,NaN,NaN,NaN,NaN,NaN,NaN,75318
1324336290159071232,MatthewWielicki,12,1456,NaN,NaN,NaN,NaN,NaN,NaN,NaN,75088
1511098654739898378,Gitmo99,19,10864,NaN,NaN,NaN,NaN,NaN,NaN,NaN,74689
1283876924545282054,tolgaozcelkk90,20,2488,NaN,NaN,NaN,NaN,NaN,NaN,NaN,74616
54399803,curryja,13,577,NaN,NaN,NaN,NaN,NaN,NaN,NaN,74428
1264277600089694208,BounPrem_TH_OFC,18,4137,NaN,NaN,NaN,NaN,NaN,NaN,NaN,74266
1274274681281892352,VSainement,14,9744,NaN,NaN,NaN,NaN,NaN,NaN,NaN,73357
1566171392608899073,Czesc45,15,4543,NaN,NaN,NaN,NaN,NaN,NaN,NaN,73099
1431774993419956224,jhmdrei,59,54651,NaN,NaN,NaN,NaN,NaN,NaN,NaN,72740
1545824442986762242,DaAcervo,57,40920,NaN,NaN,NaN,NaN,NaN,NaN,NaN,72717
1103532126589411329,mollie_don,27,1480,NaN,NaN,NaN,NaN,NaN,NaN,NaN,72502
798168879293956096,TheNorthStar,NaN,NaN,https://twitter.com/TheNorthStar,TWITTER,thenorthstar.com,N,49.5,US,en,72179
27943005,lesleyabravanel,28,3487,NaN,NaN,NaN,NaN,NaN,NaN,NaN,72164
2914205874,luking0420,19,944,NaN,NaN,NaN,NaN,NaN,NaN,NaN,72034
1527787434313850881,JimBobW49,13,403,NaN,NaN,NaN,NaN,NaN,NaN,NaN,71374
1212492798806482945,GlockfordFiles,31,4334,NaN,NaN,NaN,NaN,NaN,NaN,NaN,71264
19989052,rhowardbrowne,12,310,NaN,NaN,NaN,NaN,NaN,NaN,NaN,70997
26036200,ClimateRealists,18,1625,NaN,NaN,NaN,NaN,NaN,NaN,NaN,70993
861546890147487744,dilireba_,21,1159,NaN,NaN,NaN,NaN,NaN,NaN,NaN,70938
2658640056,robertjlundberg,14,1034,NaN,NaN,NaN,NaN,NaN,NaN,NaN,70132
180570926,RealJackHibbs,16,1384,NaN,NaN,NaN,NaN,NaN,NaN,NaN,69734
1426007779781844992,CreasonJana,12,3717,NaN,NaN,NaN,NaN,NaN,NaN,NaN,69511
22170482,nrlc,NaN,NaN,https://twitter.com/nrlc,TWITTER,nationalrighttolifenews.org,N,7.5,US,en,69108
785297462810378240,lovetocook12345,41,5150,NaN,NaN,NaN,NaN,NaN,NaN,NaN,69094
1239369126658760704,jenmong23,32,14807,NaN,NaN,NaN,NaN,NaN,NaN,NaN,68820
187318645,WetpaintTV,NaN,NaN,https://twitter.com/wetpainttv,TWITTER,wetpaintlife.com,N,39.5,US,en,68813
17855815,jsmith4966,11,524,NaN,NaN,NaN,NaN,NaN,NaN,NaN,68786
27522964,vdare,32,7538,https://twitter.com/vdare,TWITTER,vdare.com,N,30,US,en,68653
26163517,BlacklistedNews,NaN,NaN,https://twitter.com/BlacklistedNews,TWITTER,blacklistednews.com,N,15,US,en,68472
91202632,ukcolumn,39,5477,NaN,NaN,NaN,NaN,NaN,NaN,NaN,68003
3436761485,MAGA__Patriot,30,18521,NaN,NaN,NaN,NaN,NaN,NaN,NaN,67985
762024240,REMASCULATE,11,321,NaN,NaN,NaN,NaN,NaN,NaN,NaN,67848
1245497034565615616,SikhForTruth,23,3032,NaN,NaN,NaN,NaN,NaN,NaN,NaN,67716
1465875630,andrewbostom,17,2498,NaN,NaN,NaN,NaN,NaN,NaN,NaN,67628
2338070737,bitcoinist,NaN,NaN,https://twitter.com/bitcoinist,TWITTER,bitcoinist.com,N,44.5,US,en,67554
1193823126309818368,TonyClimate,39,7782,NaN,NaN,NaN,NaN,NaN,NaN,NaN,67485
1000607182889496577,CzebotarJessie,23,1459,NaN,NaN,NaN,NaN,NaN,NaN,NaN,67056
74552263,LifeNewsToo,13,535,NaN,NaN,NaN,NaN,NaN,NaN,NaN,66722
856991644134068224,bigleaguepol,NaN,NaN,https://twitter.com/BigLeaguePol,TWITTER,bigleaguepolitics.com,N,12.5,US,en,66477
1908627954,JasonMBrodsky,33,8767,NaN,NaN,NaN,NaN,NaN,NaN,NaN,65985
43969372,worldnetdaily,NaN,NaN,https://www.twitter.com/worldnetdaily,TWITTER,wnd.com,N,17.5,US,en,65983
825501626,VivaLaAmes11,17,1446,NaN,NaN,NaN,NaN,NaN,NaN,NaN,65863
1353317878737604610,nanavet3,25,1423,NaN,NaN,NaN,NaN,NaN,NaN,NaN,65615
247368688,BlueBoxDave,12,976,NaN,NaN,NaN,NaN,NaN,NaN,NaN,65580
222196210,GLFOP,12,975,NaN,NaN,NaN,NaN,NaN,NaN,NaN,65471
1508503638758592515,udreams30,104,23357,NaN,NaN,NaN,NaN,NaN,NaN,NaN,65392
18927538,LifeSite,20,3081,https://twitter.com/LifeSite,TWITTER,lifesitenews.com,N,17.5,US,en,65221
1519151532284989440,TonyIannitelli,52,6638,NaN,NaN,NaN,NaN,NaN,NaN,NaN,65134
1156340972730667011,MammothNationUS,11,422,NaN,NaN,NaN,NaN,NaN,NaN,NaN,65066
73572581,beforeitsnews,NaN,NaN,https://twitter.com/beforeitsnews,TWITTER,beforeitsnews.com,N,0,US,en,64799
1592706096027893761,TerrenceBeBack,26,5422,NaN,NaN,NaN,NaN,NaN,NaN,NaN,64570
7597712,PJMedia_com,13,1963,https://www.twitter.com/PJMedia_com,TWITTER,pjmedia.com,N,27.5,US,en,64563
850425860800692225,ICANdecide,NaN,NaN,https://twitter.com/ICANdecide,TWITTER,icandecide.org,N,12.5,US,en,64394
73349179,j_sato,14,2892,NaN,NaN,NaN,NaN,NaN,NaN,NaN,64243
1528103612789817344,NickyK1776,30,5631,NaN,NaN,NaN,NaN,NaN,NaN,NaN,64051
1271347094360428544,DreaHumphrey,21,1720,NaN,NaN,NaN,NaN,NaN,NaN,NaN,63849
969664911046426624,MorigeauJanine,38,5839,NaN,NaN,NaN,NaN,NaN,NaN,NaN,63729
129019194,TruNews,NaN,NaN,https://www.twitter.com/trunews,TWITTER,trunews.com,N,20,US,en,63634
895286614431346688,Lowcountry1Girl,27,1712,NaN,NaN,NaN,NaN,NaN,NaN,NaN,63108
17824071,ANTHONYBLOGAN,NaN,NaN,https://www.twitter.com/anthonyblogan,TWITTER,anthonyblogan.com,N,57,US,en,62711
17614200,KevinJacksonTBS,NaN,NaN,https://www.twitter.com/KevinJacksonTBS,TWITTER,theblacksphere.net,N,44.5,US,en,62262
256693327,TaraServatius,19,1891,NaN,NaN,NaN,NaN,NaN,NaN,NaN,61851
1518949994191065088,Old_SchoolEddie,15,637,NaN,NaN,NaN,NaN,NaN,NaN,NaN,61829
1562904581478445057,jathorpmfm,20,1403,NaN,NaN,NaN,NaN,NaN,NaN,NaN,61519
1594462253201473536,patel_patriot,22,1724,NaN,NaN,NaN,NaN,NaN,NaN,NaN,61510
1479176031248465929,SerkanK16508934,31,5004,NaN,NaN,NaN,NaN,NaN,NaN,NaN,61426
573239329,RealDrJaneRuby,13,694,NaN,NaN,NaN,NaN,NaN,NaN,NaN,61193
3171668783,OffGuardian0,16,789,NaN,NaN,NaN,NaN,NaN,NaN,NaN,60972
44356836,AmanKayamHai_,16,1165,NaN,NaN,NaN,NaN,NaN,NaN,NaN,60862
2976976116,LionHearted76,26,3108,NaN,NaN,NaN,NaN,NaN,NaN,NaN,60476
23047519,MoonofA,NaN,NaN,https://twitter.com/MoonofA,TWITTER,moonofalabama.org,N,7.5,US,en,60039
1388763492317024261,BanounHelene,27,6903,NaN,NaN,NaN,NaN,NaN,NaN,NaN,59908
1678273014,dgaytandzhieva,NaN,NaN,https://twitter.com/dgaytandzhieva,TWITTER,dilyana.bg,N,17.5,US,en,59864
1422358469034844162,JanetTX_Blessed,22,3485,NaN,NaN,NaN,NaN,NaN,NaN,NaN,59733
1591964914737872896,SystemUpdate_,16,971,NaN,NaN,NaN,NaN,NaN,NaN,NaN,59383
26349189,1mZerOCool,12,4488,NaN,NaN,NaN,NaN,NaN,NaN,NaN,59320
235324130,stephanieseneff,19,2430,NaN,NaN,NaN,NaN,NaN,NaN,NaN,59042
480191875,XZFCTH1005,23,3391,NaN,NaN,NaN,NaN,NaN,NaN,NaN,58895
1067792857111642113,LWCnewswire,23,3032,https://twitter.com/LWCnewswire,TWITTER,louderwithcrowder.com,N,32,US,en,58489
140237362,tommyboy0690,11,723,NaN,NaN,NaN,NaN,NaN,NaN,NaN,58489
1470505044646801417,dchomecoming,15,3890,NaN,NaN,NaN,NaN,NaN,NaN,NaN,58248
1313704497089253377,BonsensOrg,11,834,NaN,NaN,NaN,NaN,NaN,NaN,NaN,57899
993492864066768899,TENzenter,13,2249,NaN,NaN,NaN,NaN,NaN,NaN,NaN,57861
170175828,jack_hikuma,12,767,NaN,NaN,NaN,NaN,NaN,NaN,NaN,57777
28273116,joyreaper,12,1276,NaN,NaN,NaN,NaN,NaN,NaN,NaN,57670
1464263722260910081,322_45won,15,1674,NaN,NaN,NaN,NaN,NaN,NaN,NaN,57526
109398997,stopvaccinating,NaN,NaN,https://x.com/stopvaccinating?s=20,TWITTER,stopmandatoryvaccination.com,N,22.5,US,en,57496
1379418918,TLAVagabond,13,509,https://twitter.com/TLAVagabond,TWITTER,thelastamericanvagabond.com,N,17.5,US,en,57385
2784228956,NetZeroWatch,21,1641,NaN,NaN,NaN,NaN,NaN,NaN,NaN,57042
1685770941807149056,VigilantNews,NaN,NaN,https://twitter.com/VigilantNews,TWITTER,vigilantnews.com,N,7.5,US,en,57039
221710101,respect65,18,1062,NaN,NaN,NaN,NaN,NaN,NaN,NaN,56814
813279088865644544,IrnaEnglish,NaN,NaN,https://twitter.com/IrnaEnglish,TWITTER,en.irna.ir,N,7.5,US,en,56731
1356786368656138241,JamesTate121,12,1077,NaN,NaN,NaN,NaN,NaN,NaN,NaN,56716
1587830816842960896,jessies_now,13,400,NaN,NaN,NaN,NaN,NaN,NaN,NaN,56125
888492016010764288,fordmb1,20,1352,NaN,NaN,NaN,NaN,NaN,NaN,NaN,55887
4127951894,newsbreakApp,NaN,NaN,https://twitter.com/newsbreakApp,TWITTER,newsbreak.com,N,12.5,US,en,55866
18321443,JoeBell,26,13046,NaN,NaN,NaN,NaN,NaN,NaN,NaN,55800
860233232431939584,EndRaceHating,15,530,NaN,NaN,NaN,NaN,NaN,NaN,NaN,55163
1504820646466969603,mmtchi,13,3177,NaN,NaN,NaN,NaN,NaN,NaN,NaN,55129
1398371181615583238,john_bumblebee,11,1224,NaN,NaN,NaN,NaN,NaN,NaN,NaN,54969
1271520510862598144,CannConActual,24,32427,NaN,NaN,NaN,NaN,NaN,NaN,NaN,54953
814509223551737856,Tamama0306,45,10776,NaN,NaN,NaN,NaN,NaN,NaN,NaN,54905
1586000702660235264,JewelsJonesLive,37,3967,NaN,NaN,NaN,NaN,NaN,NaN,NaN,54861
1546985096384614400,reneeAZpatriot4,19,8840,NaN,NaN,NaN,NaN,NaN,NaN,NaN,53878
1041939506084044800,heiankyo_327,32,6290,NaN,NaN,NaN,NaN,NaN,NaN,NaN,53600
1169793310241755137,Apex_WW,15,743,NaN,NaN,NaN,NaN,NaN,NaN,NaN,53232
606400487,Church_Militant,NaN,NaN,https://twitter.com/Church_Militant,TWITTER,churchmilitant.com,N,35,US,en,53139
1256921941933535232,PanData19,NaN,NaN,https://twitter.com/PanData19/,TWITTER,pandata.org,N,40,US,en,53133
1255846602897588224,Iowa_1776,13,353,NaN,NaN,NaN,NaN,NaN,NaN,NaN,53084
304123273,ArchKennedy,68,8515,NaN,NaN,NaN,NaN,NaN,NaN,NaN,53012
1314769989203709954,lunaestreIIad0s,11,2822,NaN,NaN,NaN,NaN,NaN,NaN,NaN,52774
1313157619645919232,DoctorTurtleboy,24,3415,NaN,NaN,NaN,NaN,NaN,NaN,NaN,52496
1545523991217147907,helen44767171,97,22800,NaN,NaN,NaN,NaN,NaN,NaN,NaN,52154
236696328,HealthyNews2day,NaN,NaN,https://twitter.com/HealthyNews2day,TWITTER,healthimpactnews.com,N,12.5,US,en,51937
3041775900,AlphaNewsMN,37,5630,https://twitter.com/alphanewsmn,TWITTER,alphanews.org,N,49.5,US,en,51898
1476149306549837831,sophiadahl1,23,5505,NaN,NaN,NaN,NaN,NaN,NaN,NaN,51595
252165928,eclipsethis2003,13,7150,NaN,NaN,NaN,NaN,NaN,NaN,NaN,50857
972978420,xAlphaWarriorx,16,687,NaN,NaN,NaN,NaN,NaN,NaN,NaN,50792
66401056,GMWatch,14,526,NaN,NaN,NaN,NaN,NaN,NaN,NaN,50618
1093960278285434880,themarketear,13,569,NaN,NaN,NaN,NaN,NaN,NaN,NaN,50426
812043847433916416,Krieger66362259,30,10369,NaN,NaN,NaN,NaN,NaN,NaN,NaN,50054
3008932016,fairymochisung,11,3864,NaN,NaN,NaN,NaN,NaN,NaN,NaN,50038
1511166400013893639,AmericanwomanU1,14,7585,NaN,NaN,NaN,NaN,NaN,NaN,NaN,49983
1972519165,afshinrattansi,19,1258,NaN,NaN,NaN,NaN,NaN,NaN,NaN,49556
423972447,DailyClout,NaN,NaN,https://twitter.com/dailyclout,TWITTER,dailyclout.io,N,17.5,US,en,49545
1517655068232802306,RevolverNewsUSA,20,1114,https://twitter.com/RevolverNewsUSA,TWITTER,revolver.news,N,7.5,US,en,49537
1295405245011460096,MayadeenEnglish,NaN,NaN,https://twitter.com/MayadeenEnglish,TWITTER,english.almayadeen.net,N,30,US,en,49472
38644883,RichSementa,44,9191,NaN,NaN,NaN,NaN,NaN,NaN,NaN,49236
34109146,AmericanThinker,NaN,NaN,https://twitter.com/AmericanThinker,TWITTER,americanthinker.com,N,12.5,US,en,48677
1376757758171619336,K2_1230_,21,18563,NaN,NaN,NaN,NaN,NaN,NaN,NaN,48414
1500978175874109440,Freedom_Alley3,17,2074,NaN,NaN,NaN,NaN,NaN,NaN,NaN,48377
1621253529032687616,Weaponization,13,1876,NaN,NaN,NaN,NaN,NaN,NaN,NaN,48331
1519009150042206208,redvoicenews,27,5459,https://twitter.com/redvoicenews,TWITTER,redvoicemedia.com,N,32.5,US,en,48176
117810351,WSWS_Updates,NaN,NaN,https://twitter.com/WSWS_Updates,TWITTER,wsws.org,N,7.5,US,en,48088
569970630,abirballan,11,443,NaN,NaN,NaN,NaN,NaN,NaN,NaN,48012
512654138,steelpoleman,11,571,NaN,NaN,NaN,NaN,NaN,NaN,NaN,47886
2207570227,JacquiDeevoy1,24,2100,NaN,NaN,NaN,NaN,NaN,NaN,NaN,47781
1323576878247088129,JontTrubek,11,413,NaN,NaN,NaN,NaN,NaN,NaN,NaN,47356
1328396356910673920,woainewofficial,44,16889,NaN,NaN,NaN,NaN,NaN,NaN,NaN,46865
1466939135357337605,angie_anson,76,15417,NaN,NaN,NaN,NaN,NaN,NaN,NaN,46777
250454150,shadygrooove,22,22827,NaN,NaN,NaN,NaN,NaN,NaN,NaN,46699
20336210,lifebiomedguru,NaN,NaN,https://twitter.com/lifebiomedguru,TWITTER,jameslyonsweiler.com,N,12.5,US,en,46665
898759943393816576,MyDCPatriot,NaN,NaN,https://x.com/MyDCPatriot?s=20,TWITTER,thedcpatriot.com,N,0,US,en,46607
217295429,Jamjamisme,13,8728,NaN,NaN,NaN,NaN,NaN,NaN,NaN,46555
1549183329206996992,Censored4sure,16,1222,NaN,NaN,NaN,NaN,NaN,NaN,NaN,46511
243036224,FunkerActual,NaN,NaN,https://twitter.com/funkeractual,TWITTER,funker530.com,N,44.5,US,en,46437
595455100,mcdtournesol,12,13989,NaN,NaN,NaN,NaN,NaN,NaN,NaN,46417
74672763,LiberatedCit,36,4532,NaN,NaN,NaN,NaN,NaN,NaN,NaN,46372
166134301,CurtisHebert,169,56793,NaN,NaN,NaN,NaN,NaN,NaN,NaN,46257
1506002179739598852,babs4america,17,682,NaN,NaN,NaN,NaN,NaN,NaN,NaN,46245
48351615,TFL1728,22,2171,NaN,NaN,NaN,NaN,NaN,NaN,NaN,46243
1419657850163535877,betterworld_24,20,11368,NaN,NaN,NaN,NaN,NaN,NaN,NaN,46092
23949317,john_mcguirk,16,2044,NaN,NaN,NaN,NaN,NaN,NaN,NaN,46036
1330687838636048385,GeorgeFareed2,15,1408,NaN,NaN,NaN,NaN,NaN,NaN,NaN,45993
259279916,TheMenzoid,14,1037,NaN,NaN,NaN,NaN,NaN,NaN,NaN,45902
182878105,ProtecttheFaith,20,1145,NaN,NaN,NaN,NaN,NaN,NaN,NaN,45825
2342744293,c21markm,15,2491,NaN,NaN,NaN,NaN,NaN,NaN,NaN,45585
98956941,afbranco,17,1234,NaN,NaN,NaN,NaN,NaN,NaN,NaN,45445
1378021172219146242,KitKlarenberg,11,1607,NaN,NaN,NaN,NaN,NaN,NaN,NaN,45219
1435324162868928518,PrPatriotUS,45,28253,NaN,NaN,NaN,NaN,NaN,NaN,NaN,45126
128776689,SaiKate108,12,12300,NaN,NaN,NaN,NaN,NaN,NaN,NaN,45005
42769016,AAPSonline,NaN,NaN,https://twitter.com/aapsonline,TWITTER,aapsonline.org,N,15,US,en,44961
539566673,JohnRLottJr,16,961,NaN,NaN,NaN,NaN,NaN,NaN,NaN,44710
2222530781,occupythegetty,11,431,NaN,NaN,NaN,NaN,NaN,NaN,NaN,44653
1415328925958479873,JohnLeePettim13,11,452,NaN,NaN,NaN,NaN,NaN,NaN,NaN,44418
1858882886,JMichaelWaller,16,1123,NaN,NaN,NaN,NaN,NaN,NaN,NaN,44322
1339250806843850752,Baoliaogeming64,32,4475,NaN,NaN,NaN,NaN,NaN,NaN,NaN,44319
974435384271630336,litecoin_bull,18,849,NaN,NaN,NaN,NaN,NaN,NaN,NaN,44297
1346092383658774529,RealRawNews1,NaN,NaN,https://x.com/RealRawNews1?s=20,TWITTER,realrawnews.com,N,7.5,US,en,44065
2511173870,Jonathan_Cahn,11,282,NaN,NaN,NaN,NaN,NaN,NaN,NaN,43941
1477071867219304449,45LVNancy,33,8751,NaN,NaN,NaN,NaN,NaN,NaN,NaN,43890
30402175,TheClayClark,14,832,NaN,NaN,NaN,NaN,NaN,NaN,NaN,43576
790817979344621568,universalsoftw2,13,1615,NaN,NaN,NaN,NaN,NaN,NaN,NaN,43449
1318340490304126980,MachadoDarlon,25,26181,NaN,NaN,NaN,NaN,NaN,NaN,NaN,43405
1457796469029842950,matjendav4,39,10825,NaN,NaN,NaN,NaN,NaN,NaN,NaN,43139
38472669,drjoshaxe,NaN,NaN,https://twitter.com/drjoshaxe,TWITTER,draxe.com,N,40,US,en,42937
779657810405654528,TehranTimes79,NaN,NaN,https://twitter.com/TehranTimes79,TWITTER,tehrantimes.com,N,7.5,US,en,42883
1404742959413739520,tatiann69922625,26,6679,NaN,NaN,NaN,NaN,NaN,NaN,NaN,42561
1151261114384171008,NationalFile,17,13846,https://twitter.com/nationalfile,TWITTER,nationalfile.com,N,10,US,en,42475
749016639287414784,theamgreatness,NaN,NaN,https://twitter.com/theamgreatness,TWITTER,amgreatness.com,N,42,US,en,42216
1406055552879370240,brownstoneinst,NaN,NaN,https://twitter.com/brownstoneinst,TWITTER,brownstone.org,N,40,US,en,42127
1148711615686160384,Michael_J_Matt,18,1325,NaN,NaN,NaN,NaN,NaN,NaN,NaN,42052
1097604024591925248,fmeeus1,17,2172,NaN,NaN,NaN,NaN,NaN,NaN,NaN,41565
1144059409280184321,Beyond_Mystic,17,1268,NaN,NaN,NaN,NaN,NaN,NaN,NaN,41508
71869296,wattsupwiththat,20,2306,https://twitter.com/wattsupwiththat,TWITTER,wattsupwiththat.com,N,22.5,US,en,41406
1393227674684903428,V_its_me_,20,8147,NaN,NaN,NaN,NaN,NaN,NaN,NaN,41403
1585283153475866625,HarperLee6557,26,2845,NaN,NaN,NaN,NaN,NaN,NaN,NaN,41368
1498659234,JeffereyJaxen,11,521,NaN,NaN,NaN,NaN,NaN,NaN,NaN,41366
154532994,ActivistPost,NaN,NaN,https://www.twitter.com/ActivistPost,TWITTER,activistpost.com,N,12.5,US,en,41300
1699037857,Tasnimnews_EN,NaN,NaN,https://twitter.com/Tasnimnews_EN,TWITTER,tasnimnews.com,N,7.5,US,en,41233
1519422215409831937,MichaelJaco9,27,2137,NaN,NaN,NaN,NaN,NaN,NaN,NaN,41072
1894536019,thewriterme,16,512,NaN,NaN,NaN,NaN,NaN,NaN,NaN,41060
144367359,NowTheEndBegins,18,18467,https://twitter.com/nowtheendbegins,TWITTER,nowtheendbegins.com,N,10,US,en,40858
1530950986289774592,Denachtzuster1,19,2341,NaN,NaN,NaN,NaN,NaN,NaN,NaN,40776
1537965152594632705,C19VaxInjured,12,600,NaN,NaN,NaN,NaN,NaN,NaN,NaN,40762
86378821,JJDJ1187,12,1097,NaN,NaN,NaN,NaN,NaN,NaN,NaN,40689
28381177,ClimateDepot,18,1721,NaN,NaN,NaN,NaN,NaN,NaN,NaN,40617
432727221,NashvilleTea,13,753,NaN,NaN,NaN,NaN,NaN,NaN,NaN,40087
1588186485278187520,FreeThankElon,21,928,NaN,NaN,NaN,NaN,NaN,NaN,NaN,39935
1364568384587898882,genspect,13,644,NaN,NaN,NaN,NaN,NaN,NaN,NaN,39888
844554688364232704,Nicoletta0602,11,769,NaN,NaN,NaN,NaN,NaN,NaN,NaN,39822
1635015762648678400,davidcd0418,33,2499,NaN,NaN,NaN,NaN,NaN,NaN,NaN,39553
878361393312956416,GeopoliticaEcon,NaN,NaN,https://twitter.com/GeopoliticaEcon,TWITTER,geopoliticaleconomy.com,N,17.5,US,en,39487
1340712447796113408,patrick_THFC,40,34177,NaN,NaN,NaN,NaN,NaN,NaN,NaN,39455
845728536,remnantnews,NaN,NaN,https://twitter.com/remnantnews,TWITTER,remnantnewspaper.com,N,17.5,US,en,39419
1145196115056136193,AaronOtsuka,14,1279,NaN,NaN,NaN,NaN,NaN,NaN,NaN,39099
74311481,BeachCity55,15,833,NaN,NaN,NaN,NaN,NaN,NaN,NaN,39016
905153319253004288,groth1945,34,2543,NaN,NaN,NaN,NaN,NaN,NaN,NaN,39014
1520465227183276034,patriotmary4,41,3764,NaN,NaN,NaN,NaN,NaN,NaN,NaN,38992
1070137173054291968,Evie_Magazine,NaN,NaN,https://twitter.com/evie_magazine,TWITTER,eviemagazine.com,N,12.5,US,en,38736
266354456,realjusthuman,24,1709,NaN,NaN,NaN,NaN,NaN,NaN,NaN,38631
1006268732560289792,CaliforniaGlobe,NaN,NaN,https://twitter.com/californiaglobe,TWITTER,californiaglobe.com,N,35,US,en,38604
196769365,Scott_4Trump,53,10120,NaN,NaN,NaN,NaN,NaN,NaN,NaN,38350
52404889,WestonAPrice,NaN,NaN,https://twitter.com/WestonAPrice,TWITTER,westonaprice.org,N,30,US,en,38167
1252771923450138625,caogenxiaogex,26,3501,NaN,NaN,NaN,NaN,NaN,NaN,NaN,38159
1453452122855510022,EricArchambaul7,20,2481,NaN,NaN,NaN,NaN,NaN,NaN,NaN,37997
489507027,drcraigwax,16,1110,NaN,NaN,NaN,NaN,NaN,NaN,NaN,37793
1434769239341154308,browneyegirl400,16,915,NaN,NaN,NaN,NaN,NaN,NaN,NaN,37744
26040780,ShannonJoyRadio,16,1713,NaN,NaN,NaN,NaN,NaN,NaN,NaN,37474
2878952945,cathyyoung421,21,945,NaN,NaN,NaN,NaN,NaN,NaN,NaN,37455
62329139,USAWatchdog,19,872,https://twitter.com/usawatchdog,TWITTER,usawatchdog.com,N,25,US,en,37044
131249283,GatestoneInst,15,958,https://www.twitter.com/GatestoneInst,TWITTER,gatestoneinstitute.org,N,57,US,en,37009
3390061349,genuke1,12,2267,NaN,NaN,NaN,NaN,NaN,NaN,NaN,36901
1347700171698806790,Mayflower_21,15,481,NaN,NaN,NaN,NaN,NaN,NaN,NaN,36538
26239840,ichudov,NaN,NaN,https://twitter.com/ichudov?ref_src=twsrc%5Egoogle%7Ctwcamp%5Eserp%7Ctwgr%5Eauthor,TWITTER,igor-chudov.com,N,20,US,en,36495
228329710,THEtothe8ight,27,4239,NaN,NaN,NaN,NaN,NaN,NaN,NaN,36392
903953910,SandraSBreen,16,1541,NaN,NaN,NaN,NaN,NaN,NaN,NaN,36364
1547246660501340161,sues86453,17,6043,NaN,NaN,NaN,NaN,NaN,NaN,NaN,36304
1113328322446909440,narshmallow813,14,1476,NaN,NaN,NaN,NaN,NaN,NaN,NaN,36194
1156850474047459328,Joe7993,30,4686,NaN,NaN,NaN,NaN,NaN,NaN,NaN,36156
770366694762033152,TOMRJZSR,17,1235,NaN,NaN,NaN,NaN,NaN,NaN,NaN,36117
98583506,latimeralder,14,452,NaN,NaN,NaN,NaN,NaN,NaN,NaN,36076
488825725,nbreavington,108,83957,NaN,NaN,NaN,NaN,NaN,NaN,NaN,36055
1589106171897679873,miguelifornia,21,1439,NaN,NaN,NaN,NaN,NaN,NaN,NaN,36051
2716353140,BhadraPunchline,14,476,NaN,NaN,NaN,NaN,NaN,NaN,NaN,36043
1328069024169779200,PecanC8,17,1082,NaN,NaN,NaN,NaN,NaN,NaN,NaN,36035
987288415858319360,IrexitFreedom,16,1036,NaN,NaN,NaN,NaN,NaN,NaN,NaN,36008
1196113311596572672,daywithshua,44,20732,NaN,NaN,NaN,NaN,NaN,NaN,NaN,35937
33522725,AgeofAutism,NaN,NaN,https://twitter.com/AgeofAutism,TWITTER,ageofautism.com,N,25,US,en,35925
2940964728,IAStartingLine,NaN,NaN,https://twitter.com/iastartingline,TWITTER,iowastartingline.com,N,57,US,en,35890
1479290779709239296,NanLee1124,18,1105,NaN,NaN,NaN,NaN,NaN,NaN,NaN,35863
1361826441785081856,DissocialSpace,21,1841,NaN,NaN,NaN,NaN,NaN,NaN,NaN,35671
1541030615394521091,JackMedia7,14,932,NaN,NaN,NaN,NaN,NaN,NaN,NaN,35618
3202188508,KerriRawson,11,486,NaN,NaN,NaN,NaN,NaN,NaN,NaN,35603
1453711758498144263,VacSafety,25,2463,NaN,NaN,NaN,NaN,NaN,NaN,NaN,35547
1341044635196649485,doc_singing,16,960,NaN,NaN,NaN,NaN,NaN,NaN,NaN,35512
635928417,USA_Anne711,37,4392,NaN,NaN,NaN,NaN,NaN,NaN,NaN,35461
18457213,kateordie,13,435,NaN,NaN,NaN,NaN,NaN,NaN,NaN,35300
1401225181671030787,ZNN_Intl,16,971,NaN,NaN,NaN,NaN,NaN,NaN,NaN,35104
1518983082585513986,sweetcarolinatv,14,1106,NaN,NaN,NaN,NaN,NaN,NaN,NaN,35101
857978774469529601,DollArntzen,30,21253,NaN,NaN,NaN,NaN,NaN,NaN,NaN,35056
1519091865441603584,thekevindeucey,24,2480,NaN,NaN,NaN,NaN,NaN,NaN,NaN,35018
1491906525421608965,cassisnouveau,13,783,NaN,NaN,NaN,NaN,NaN,NaN,NaN,34807
1519363996050018304,MtnMama406,49,9141,NaN,NaN,NaN,NaN,NaN,NaN,NaN,34739
46303458,paulbenedict7,25,2234,NaN,NaN,NaN,NaN,NaN,NaN,NaN,34546
1313910480809926656,45Angelheart,12,392,NaN,NaN,NaN,NaN,NaN,NaN,NaN,34413
926729971858595841,TWPundit,NaN,NaN,https://www.twitter.com/twpundit,TWITTER,thewashingtonpundit.com,N,37.5,US,en,34184
1112444235037507584,Article3Project,30,2267,NaN,NaN,NaN,NaN,NaN,NaN,NaN,34138
218504651,drdavidfriedman,NaN,NaN,https://twitter.com/drdavidfriedman,TWITTER,doctordavidfriedman.com,N,49.5,US,en,34053
14575708,vtforeignpolicy,NaN,NaN,https://x.com/vtforeignpolicy?s=20,TWITTER,vtforeignpolicy.com,N,22.5,US,en,33976
726936092746743808,ASimplePatriot,12,945,NaN,NaN,NaN,NaN,NaN,NaN,NaN,33876
906273810248196097,_taylorhudak,11,1940,NaN,NaN,NaN,NaN,NaN,NaN,NaN,33827
885283199307436032,LSNCatholic,18,1177,NaN,NaN,NaN,NaN,NaN,NaN,NaN,33670
1378199814458859523,XRPLion1,11,249,NaN,NaN,NaN,NaN,NaN,NaN,NaN,33475
1703063382,80syaku,36,7686,NaN,NaN,NaN,NaN,NaN,NaN,NaN,33436
2367079278,Crypto_Potato,NaN,NaN,https://twitter.com/Crypto_Potato,TWITTER,cryptopotato.com,N,49.5,US,en,33351
883382034638540803,freetelegraph,NaN,NaN,https://twitter.com/freetelegraph,TWITTER,freetelegraph.com,N,39.5,US,en,33219
1330801255673827328,peace86774949,18,1289,NaN,NaN,NaN,NaN,NaN,NaN,NaN,32995
884280375861587968,JoTrumpCA,19,1599,NaN,NaN,NaN,NaN,NaN,NaN,NaN,32860
2297338710,CattHarmony,16,871,NaN,NaN,NaN,NaN,NaN,NaN,NaN,32767
1579976278999973889,Revwwthompson,53,6475,NaN,NaN,NaN,NaN,NaN,NaN,NaN,32758
106393496,russiabeyond,NaN,NaN,https://x.com/russiabeyond?s=20,TWITTER,rbth.com,N,54.5,US,en,32710
1328774855987171328,JCondamine,11,1498,NaN,NaN,NaN,NaN,NaN,NaN,NaN,32480
3304499628,stephphilip8,83,17159,NaN,NaN,NaN,NaN,NaN,NaN,NaN,32459
1494531504700997633,Fisherlady111,91,55646,NaN,NaN,NaN,NaN,NaN,NaN,NaN,32333
1511985009015631873,terra_cremada,43,19563,NaN,NaN,NaN,NaN,NaN,NaN,NaN,32163
943413114959052800,renminions,11,5198,NaN,NaN,NaN,NaN,NaN,NaN,NaN,32110
1472931361,DavidAsmanfox,16,1201,NaN,NaN,NaN,NaN,NaN,NaN,NaN,31959
1586968339666145282,NancyMar2022,38,3081,NaN,NaN,NaN,NaN,NaN,NaN,NaN,31743
1211433900427202561,patgill69033215,12,470,NaN,NaN,NaN,NaN,NaN,NaN,NaN,31528
1534206384396546049,LionessDeb19,14,22675,NaN,NaN,NaN,NaN,NaN,NaN,NaN,31501
1511210025955561479,LadyConstance8,85,18417,NaN,NaN,NaN,NaN,NaN,NaN,NaN,31493
18708396,gregreese,12,307,NaN,NaN,NaN,NaN,NaN,NaN,NaN,31401
1386766191247695872,AntonioTweets2,17,1546,NaN,NaN,NaN,NaN,NaN,NaN,NaN,31260
2739596257,RussiaInsider,NaN,NaN,https://twitter.com/russiainsider,TWITTER,russia-insider.com,N,12.5,US,en,31238
1492270474855866368,FringeViews,11,579,NaN,NaN,NaN,NaN,NaN,NaN,NaN,31220
730769621008166912,MikeSwadling,14,1016,NaN,NaN,NaN,NaN,NaN,NaN,NaN,31089
1327684758143381510,DanaMetcalfe5,17,1899,NaN,NaN,NaN,NaN,NaN,NaN,NaN,30860
1337213656992526336,IndyBeginsAt220,36,2793,NaN,NaN,NaN,NaN,NaN,NaN,NaN,30810
85891421,YourBlackWorld,NaN,NaN,https://twitter.com/yourblackworld,TWITTER,yourblackworld.net,N,39.5,US,en,30484
1177386633764790273,TTAVOfficial,NaN,NaN,https://twitter.com/TTAVOfficial,TWITTER,thetruthaboutvaccines.com,N,12.5,US,en,30390
1330565616936345601,LD_Sceptics,33,5108,NaN,NaN,NaN,NaN,NaN,NaN,NaN,30209
38602479,MeganFoxWriter,12,378,NaN,NaN,NaN,NaN,NaN,NaN,NaN,30162
401659534,eatLocalGrown,NaN,NaN,https://twitter.com/eatLocalGrown,TWITTER,wisemindhealthybody.com,N,0,US,en,29813
1512229127255994375,SparkyBru,16,1295,NaN,NaN,NaN,NaN,NaN,NaN,NaN,29711
1212728697431572480,jackson66368924,17,949,NaN,NaN,NaN,NaN,NaN,NaN,NaN,29671
1537219381649977344,DailyNoahNews,40,7629,NaN,NaN,NaN,NaN,NaN,NaN,NaN,29638
1586560515916156929,realouMAGAgirl,122,34815,NaN,NaN,NaN,NaN,NaN,NaN,NaN,29591
1457549345784360971,PeatwasuOfc,30,4580,NaN,NaN,NaN,NaN,NaN,NaN,NaN,29145
1136148055260946432,2Moori,13,1030,NaN,NaN,NaN,NaN,NaN,NaN,NaN,28978
896022524227538944,1028WINWIN_TH,16,672,NaN,NaN,NaN,NaN,NaN,NaN,NaN,28927
747854342334480385,vgclements1,54,28657,NaN,NaN,NaN,NaN,NaN,NaN,NaN,28852
1307316299467567106,ClimateThere,14,1364,NaN,NaN,NaN,NaN,NaN,NaN,NaN,28840
1572897215164841990,ichibeiQ,12,1181,NaN,NaN,NaN,NaN,NaN,NaN,NaN,28727
1171110583413772288,NineOfficial_TH,16,915,NaN,NaN,NaN,NaN,NaN,NaN,NaN,28643
1491283294599921667,FortftsOfficial,30,3803,NaN,NaN,NaN,NaN,NaN,NaN,NaN,28609
1018425398869282817,Electroversenet,NaN,NaN,https://twitter.com/Electroversenet,TWITTER,electroverse.co,N,25,US,en,28381
1539239064,PhilHollowayEsq,12,707,NaN,NaN,NaN,NaN,NaN,NaN,NaN,28361
1585877359038808064,Teagan1776,33,3184,NaN,NaN,NaN,NaN,NaN,NaN,NaN,28303
900346289044414464,republic_glitz,35,15174,NaN,NaN,NaN,NaN,NaN,NaN,NaN,28259
1273076653057589249,Allenma15086871,14,499,NaN,NaN,NaN,NaN,NaN,NaN,NaN,28142
792091207140716544,lawyer4laws,11,429,NaN,NaN,NaN,NaN,NaN,NaN,NaN,28083
1311728234053079040,SF9__Unofficial,11,1651,NaN,NaN,NaN,NaN,NaN,NaN,NaN,27864
1332298716858904577,ZHICHENGO2O5,19,2269,NaN,NaN,NaN,NaN,NaN,NaN,NaN,27850
397155014,News18Showsha,84,29291,NaN,NaN,NaN,NaN,NaN,NaN,NaN,27760
726223768369139713,dpadams6,11,479,NaN,NaN,NaN,NaN,NaN,NaN,NaN,27567
888591782153338880,RichardStiller4,13,1057,NaN,NaN,NaN,NaN,NaN,NaN,NaN,27398
1575998124820205568,itismeindy500,18,1191,NaN,NaN,NaN,NaN,NaN,NaN,NaN,27298
535104900,ikeTrump555,14,1810,NaN,NaN,NaN,NaN,NaN,NaN,NaN,27067
2423370157,GreatGameIndia,NaN,NaN,https://twitter.com/GreatGameIndia,TWITTER,greatgameindia.com,N,5,US,en,26883
1455464988403920900,Bigbird32392741,37,5384,NaN,NaN,NaN,NaN,NaN,NaN,NaN,26880
1344401582557786113,nomandatesco,11,727,NaN,NaN,NaN,NaN,NaN,NaN,NaN,26862
854040512080293888,CubitaNow,NaN,NaN,https://twitter.com/CubitaNow,TWITTER,cubitanow.com,N,57.5,US,en,26695
1585788006576918528,RosannaM1970,76,13833,NaN,NaN,NaN,NaN,NaN,NaN,NaN,26659
1586009848587640834,reBurningBright,22,1123,NaN,NaN,NaN,NaN,NaN,NaN,NaN,26616
2561722728,ukraina_ru,NaN,NaN,https://twitter.com/ukraina_ru,TWITTER,ukraina.ru,N,12.5,US,en,26481
1520385351281348608,hottamali02,18,1047,NaN,NaN,NaN,NaN,NaN,NaN,NaN,26463
1420805786498969608,_2019_nCoV,13,744,NaN,NaN,NaN,NaN,NaN,NaN,NaN,26077
1587522565739843585,DevilD0g_,52,6167,NaN,NaN,NaN,NaN,NaN,NaN,NaN,26067
1323083590570287104,Q_May_007,23,2136,NaN,NaN,NaN,NaN,NaN,NaN,NaN,25868
3016071993,LifeZette,NaN,NaN,https://twitter.com/LifeZette,TWITTER,lifezette.com,N,37,US,en,25759
1361744068066353156,SmilingOutrage,32,7170,NaN,NaN,NaN,NaN,NaN,NaN,NaN,25680
1288710442974502913,ConradsonJordan,29,4629,NaN,NaN,NaN,NaN,NaN,NaN,NaN,25659
953595964153106433,Screwpulas,13,799,NaN,NaN,NaN,NaN,NaN,NaN,NaN,25624
1518777787213041665,patriot_hammer,38,5369,NaN,NaN,NaN,NaN,NaN,NaN,NaN,25380
845218206750949376,VDejan0000,12,673,NaN,NaN,NaN,NaN,NaN,NaN,NaN,25331
802042941959045120,Therealbp65,12,483,NaN,NaN,NaN,NaN,NaN,NaN,NaN,25246
1533422197590695936,nlmedia11,21,9192,NaN,NaN,NaN,NaN,NaN,NaN,NaN,25171
1518707102440640515,Pwrfulwoman2,11,254,NaN,NaN,NaN,NaN,NaN,NaN,NaN,25105
18683401,KDuffySr,15,1003,NaN,NaN,NaN,NaN,NaN,NaN,NaN,25013
1473430912322916354,Keltic_Witch,12,464,NaN,NaN,NaN,NaN,NaN,NaN,NaN,24964
1284319827247591425,NXXGallery,15,5428,NaN,NaN,NaN,NaN,NaN,NaN,NaN,24875
3534886816,Infocadl2015,11,531,NaN,NaN,NaN,NaN,NaN,NaN,NaN,24848
1432459957186666496,TheCounterSgnl,21,1956,NaN,NaN,NaN,NaN,NaN,NaN,NaN,24772
2848616367,AnonymousNewsHQ,NaN,NaN,https://twitter.com/AnonymousNewsHQ,TWITTER,anonhq.com,N,44.5,US,en,24768
1437776883060551683,DeanSmi47962704,19,4053,NaN,NaN,NaN,NaN,NaN,NaN,NaN,24619
1621170427908308992,bamajayt,23,4856,NaN,NaN,NaN,NaN,NaN,NaN,NaN,24460
1518824903637671936,deSunShineBand,37,5311,NaN,NaN,NaN,NaN,NaN,NaN,NaN,24420
1519441950335774722,RayJPolitics1,41,7142,NaN,NaN,NaN,NaN,NaN,NaN,NaN,24382
840724492146073601,CEcoupe,15,577,NaN,NaN,NaN,NaN,NaN,NaN,NaN,24377
224623891,paulturner2012,30,8212,NaN,NaN,NaN,NaN,NaN,NaN,NaN,24363
1323747268013527041,NicolasPichot6,16,2052,NaN,NaN,NaN,NaN,NaN,NaN,NaN,24361
1086348776623599616,JohnJGaltrules,13,754,NaN,NaN,NaN,NaN,NaN,NaN,NaN,24237
2411388420,SandraYozipovic,20,6808,NaN,NaN,NaN,NaN,NaN,NaN,NaN,24218
1038972096,MehrnewsCom,NaN,NaN,https://twitter.com/MehrnewsCom,TWITTER,en.mehrnews.com,N,5,US,en,24196
1547316068158513152,kung_fu_jedi,22,3611,NaN,NaN,NaN,NaN,NaN,NaN,NaN,24192
1520905510093996032,YankeeCowboy24,50,9302,NaN,NaN,NaN,NaN,NaN,NaN,NaN,24046
801472438487781376,piyococcochan2,15,3262,NaN,NaN,NaN,NaN,NaN,NaN,NaN,23953
1463277982236114944,PaPaPa80755851,24,2781,NaN,NaN,NaN,NaN,NaN,NaN,NaN,23915
1519149591052046336,DieHard45RG,65,8061,NaN,NaN,NaN,NaN,NaN,NaN,NaN,23879
1338580797977210880,NewsBecker,NaN,NaN,https://twitter.com/NewsBecker,TWITTER,beckernews.com,N,25,US,en,23497
1412773335738449924,puppyydreamm,55,29977,NaN,NaN,NaN,NaN,NaN,NaN,NaN,23464
2488510225,RajkumaarPandey,17,702,NaN,NaN,NaN,NaN,NaN,NaN,NaN,23287
1339362225203662851,men_odins,14,761,NaN,NaN,NaN,NaN,NaN,NaN,NaN,23223
1587574551705067520,c_plushie,13,1694,NaN,NaN,NaN,NaN,NaN,NaN,NaN,22964
1432778258655981568,AbeWarRoom,13,1132,NaN,NaN,NaN,NaN,NaN,NaN,NaN,22920
248859211,WhiteCoatWaste,NaN,NaN,https://twitter.com/whitecoatwaste,TWITTER,whitecoatwaste.org,N,57,US,en,22852
1046559976834158592,Baklava_USA,28,2317,NaN,NaN,NaN,NaN,NaN,NaN,NaN,22821
827049793360904192,Tushar15_,11,379,NaN,NaN,NaN,NaN,NaN,NaN,NaN,22786
80857088,NVICLoeDown,NaN,NaN,https://twitter.com/NVICLoeDown,TWITTER,nvic.org,N,12.5,US,en,22628
1132002680996597762,FranceRsistanc1,16,852,NaN,NaN,NaN,NaN,NaN,NaN,NaN,22579
1274618051711778816,YingJie22739040,14,1032,NaN,NaN,NaN,NaN,NaN,NaN,NaN,22470
1.35809E+18,MaldonDonmal,87,23189,NaN,NaN,NaN,NaN,NaN,NaN,NaN,22458
63257516,AlamoPong,11,375,NaN,NaN,NaN,NaN,NaN,NaN,NaN,22401
867738228937416705,HowardSteen4,11,498,NaN,NaN,NaN,NaN,NaN,NaN,NaN,22199
491772396,PatriotaWil,14,6105,NaN,NaN,NaN,NaN,NaN,NaN,NaN,22169
1594157639700815872,iammichelle777,15,569,NaN,NaN,NaN,NaN,NaN,NaN,NaN,22061
1518727737560686592,MikeGil21446788,12,533,NaN,NaN,NaN,NaN,NaN,NaN,NaN,21886
1045908904985513985,Dadidice1,25,1800,NaN,NaN,NaN,NaN,NaN,NaN,NaN,21732
1254966384771162112,CarolineLessar8,17,1085,NaN,NaN,NaN,NaN,NaN,NaN,NaN,21709
1504897463626485760,StanVoWales,16,750,NaN,NaN,NaN,NaN,NaN,NaN,NaN,21507
702608032845451264,RealGeoEngWatch,14,570,https://twitter.com/RealGeoEngWatch,TWITTER,geoengineeringwatch.org,N,30,US,en,21328
1370436157742460931,JhWesten,11,477,NaN,NaN,NaN,NaN,NaN,NaN,NaN,21289
370729020,charisma_news,NaN,NaN,https://twitter.com/#!/charisma_news,TWITTER,charismanews.com,N,35,US,en,21224
1500777412598149123,SinedWarrior,20,6180,NaN,NaN,NaN,NaN,NaN,NaN,NaN,21039
1572419816107167746,BossNoeul_TH,21,2275,NaN,NaN,NaN,NaN,NaN,NaN,NaN,20876
1574645533054046209,SamGh1960,16,3133,NaN,NaN,NaN,NaN,NaN,NaN,NaN,20750
1452651000716800011,NavyVeteranPaul,15,759,NaN,NaN,NaN,NaN,NaN,NaN,NaN,20718
1370652693430116355,LiuZhangTH,31,3465,NaN,NaN,NaN,NaN,NaN,NaN,NaN,20694
1518723872249585673,HughBramlett,15,1393,NaN,NaN,NaN,NaN,NaN,NaN,NaN,20692
1296841654192807936,LeFACTEUR10,13,745,NaN,NaN,NaN,NaN,NaN,NaN,NaN,20620
1103979282299146240,tmtm1253_,12,536,NaN,NaN,NaN,NaN,NaN,NaN,NaN,20602
780816967590514688,TAG2335,14,1030,NaN,NaN,NaN,NaN,NaN,NaN,NaN,20599
77918673,StopTechnocracy,20,1461,https://twitter.com/stoptechnocracy,TWITTER,technocracy.news,N,32.5,US,en,20563
1509271122109419522,doubleDutchquak,22,1344,NaN,NaN,NaN,NaN,NaN,NaN,NaN,20487
14238194,Fuknutz,11,315,NaN,NaN,NaN,NaN,NaN,NaN,NaN,20238
1260956142269652997,gho14913630,16,1429,NaN,NaN,NaN,NaN,NaN,NaN,NaN,19618
357564628,NatEnquirer,NaN,NaN,https://twitter.com/NatEnquirer,TWITTER,nationalenquirer.com,N,20,US,en,19523
49197662,JFlippo1327,16,882,NaN,NaN,NaN,NaN,NaN,NaN,NaN,19517
428718110,21stCenturyWire,11,416,https://twitter.com/21stCenturyWire,TWITTER,21stcenturywire.com,N,17.5,US,en,19421
34298625,PetsRescues,11,330,NaN,NaN,NaN,NaN,NaN,NaN,NaN,19419
1279354572,kellybroganmd,NaN,NaN,https://twitter.com/KellyBroganMD,TWITTER,kellybroganmd.com,N,12.5,US,en,19399
402778053,MediaTakeoutTV,NaN,NaN,https://twitter.com/MediaTakeoutTV,TWITTER,mtonews.com,N,59.5,US,en,19376
874934116592099328,RienNavelpluis,13,722,NaN,NaN,NaN,NaN,NaN,NaN,NaN,19281
3145127635,aSciEnthusiast,NaN,NaN,https://twitter.com/ascienthusiast,TWITTER,ascienceenthusiast.com,N,55,US,en,19150
304830698,AnAthenianToLDN,11,363,NaN,NaN,NaN,NaN,NaN,NaN,NaN,19115
730074470010982402,wonderworld2016,32,2707,NaN,NaN,NaN,NaN,NaN,NaN,NaN,19030
327546434,ICRscience,15,1497,NaN,NaN,NaN,NaN,NaN,NaN,NaN,18996
1323058034,Johanne31785773,19,1369,NaN,NaN,NaN,NaN,NaN,NaN,NaN,18987
1599807970564399110,Kingston_Truth,16,1070,NaN,NaN,NaN,NaN,NaN,NaN,NaN,18972
99128675,friatider,18,1401,NaN,NaN,NaN,NaN,NaN,NaN,NaN,18901
1490395145438650373,FBZZ19,11,508,NaN,NaN,NaN,NaN,NaN,NaN,NaN,18742
1138590754022907904,theprofsrecord,14,782,NaN,NaN,NaN,NaN,NaN,NaN,NaN,18487
2387887890,IranFrontPage,NaN,NaN,https://twitter.com/iranfrontpage,TWITTER,ifpnews.com,N,52,US,en,18479
1308812956386369541,threerights1,16,1481,NaN,NaN,NaN,NaN,NaN,NaN,NaN,18469
1081945529112821762,KeillerDon,13,693,NaN,NaN,NaN,NaN,NaN,NaN,NaN,18436
1578847696500457472,Threeefer,12,1624,NaN,NaN,NaN,NaN,NaN,NaN,NaN,18224
1484546520099737604,Robertonuzzoam,60,14267,NaN,NaN,NaN,NaN,NaN,NaN,NaN,18138
152747558,medicaldaily,NaN,NaN,https://twitter.com/medicaldaily,TWITTER,medicaldaily.com,N,44.5,US,en,18041
1542669006645080064,TheDAGWOOD13,25,14878,NaN,NaN,NaN,NaN,NaN,NaN,NaN,18027
21397275,StellaEscoTV,30,5952,NaN,NaN,NaN,NaN,NaN,NaN,NaN,17988
1433614184,shdegaray73,14,5182,NaN,NaN,NaN,NaN,NaN,NaN,NaN,17940
1211816467844354049,EZ2p8,16,614,NaN,NaN,NaN,NaN,NaN,NaN,NaN,17935
1487986695534436355,slk55again,15,1281,NaN,NaN,NaN,NaN,NaN,NaN,NaN,17912
1275528060209676288,BOB 65320.00,12,460,NaN,NaN,NaN,NaN,NaN,NaN,NaN,17813
92292805,OracleFilmsUK,13,6176,NaN,NaN,NaN,NaN,NaN,NaN,NaN,17744
141681670,fuctmind,12,455,NaN,NaN,NaN,NaN,NaN,NaN,NaN,17663
1578086499845033985,RealDaveCares4u,13,439,NaN,NaN,NaN,NaN,NaN,NaN,NaN,17596
1445941522151706624,TheRealSteve613,16,5713,NaN,NaN,NaN,NaN,NaN,NaN,NaN,17468
1441546737475149827,cafelockedout,11,506,NaN,NaN,NaN,NaN,NaN,NaN,NaN,17416
1391982721,DavidMusiker,19,2647,NaN,NaN,NaN,NaN,NaN,NaN,NaN,17299
397063530,brigrey1005,11,269,NaN,NaN,NaN,NaN,NaN,NaN,NaN,17254
1015683182060945408,enfree1993,12,440,NaN,NaN,NaN,NaN,NaN,NaN,NaN,17246
1585241337733214208,NoeulOfficial02,11,1025,NaN,NaN,NaN,NaN,NaN,NaN,NaN,17228
1287098672132567046,mikerreports,18,1359,NaN,NaN,NaN,NaN,NaN,NaN,NaN,17091
1499260140163571715,SpacePirate144,26,3375,NaN,NaN,NaN,NaN,NaN,NaN,NaN,17068
1314015213952200704,drgerryF,13,643,NaN,NaN,NaN,NaN,NaN,NaN,NaN,17029
141422795,100PercFEDUP,NaN,NaN,https://twitter.com/100percFEDUP,TWITTER,100percentfedup.com,N,0,US,en,16964
1343972076701577217,AJuijn,23,2695,NaN,NaN,NaN,NaN,NaN,NaN,NaN,16905
1312891069982441473,Whyohyme1,16,614,NaN,NaN,NaN,NaN,NaN,NaN,NaN,16817
1520294317037961217,Michael951413,15,556,NaN,NaN,NaN,NaN,NaN,NaN,NaN,16725
17850268,HeartlandInst,NaN,NaN,https://twitter.com/heartlandinst,TWITTER,heartland.org,N,30,US,en,16611
1344003242141900800,No3Mos,19,1795,NaN,NaN,NaN,NaN,NaN,NaN,NaN,16547
18118505,barenakedislam,NaN,NaN,https://twitter.com/barenakedislam,TWITTER,barenakedislam.com,N,42,US,en,16508
1591251990671245312,Tex2_A,12,2218,NaN,NaN,NaN,NaN,NaN,NaN,NaN,16504
1394656148884701185,Real_AnTheFacts,53,8613,NaN,NaN,NaN,NaN,NaN,NaN,NaN,16472
943170877071470592,statesnewsroom,NaN,NaN,https://twitter.com/statesnewsroom,TWITTER,newsfromthestates.com,N,57,US,en,16420
2993959370,Streamdotorg,NaN,NaN,https://twitter.com/Streamdotorg,TWITTER,stream.org,N,27.5,US,en,16379
1511744969983377410,Ms_Betty_Bop,46,4098,NaN,NaN,NaN,NaN,NaN,NaN,NaN,16349
1491908776919650305,LTRNForever,18,703,NaN,NaN,NaN,NaN,NaN,NaN,NaN,16314
86096628,NewAmericanMag,NaN,NaN,https://twitter.com/NewAmericanMag,TWITTER,thenewamerican.com,N,47,US,en,16217
3262969386,truedream416,14,703,NaN,NaN,NaN,NaN,NaN,NaN,NaN,16211
1580367881442926592,_SmokeyGirl25,41,4315,NaN,NaN,NaN,NaN,NaN,NaN,NaN,16168
1376667454999564290,1984IsNow1776,13,758,NaN,NaN,NaN,NaN,NaN,NaN,NaN,16011
905473078070738947,Eunhae0404_1510,57,9691,NaN,NaN,NaN,NaN,NaN,NaN,NaN,15983
1353249650275307526,ITSFOR813,17,1484,NaN,NaN,NaN,NaN,NaN,NaN,NaN,15920
1338050976125603842,goldrussh92,29,16894,NaN,NaN,NaN,NaN,NaN,NaN,NaN,15897
1551736994442760192,PatPetterson2,37,5273,NaN,NaN,NaN,NaN,NaN,NaN,NaN,15760
1247777337329901575,WayVLand_TH,14,644,NaN,NaN,NaN,NaN,NaN,NaN,NaN,15735
1671452427218763779,TheDuranReal,NaN,NaN,https://x.com/TheDuranReal?s=20,TWITTER,theduran.com,N,0,US,en,15697
1337170804103065605,neverlandintl,26,1768,NaN,NaN,NaN,NaN,NaN,NaN,NaN,15683
175850425,ShalinGala,16,2599,NaN,NaN,NaN,NaN,NaN,NaN,NaN,15649
1136226906091601920,weichuanyufu,11,532,NaN,NaN,NaN,NaN,NaN,NaN,NaN,15596
1272056212217933824,yongsununiverse,13,1108,NaN,NaN,NaN,NaN,NaN,NaN,NaN,15584
1293905531065647116,Rational_Ground,NaN,NaN,https://twitter.com/rational_ground,TWITTER,rationalground.com,N,30,US,en,15544
1403507166695333889,DiedSuddenlyFR,15,3484,NaN,NaN,NaN,NaN,NaN,NaN,NaN,15308
889344030781452290,CovertActionMag,NaN,NaN,https://twitter.com/CovertActionMag,TWITTER,covertactionmagazine.com,N,25,US,en,15269
598623415,srbininfo,NaN,NaN,https://x.com/srbininfo?s=20,TWITTER,srbin.info,N,12.5,US,en,15238
1350322950747037699,LinmoThailand,23,1311,NaN,NaN,NaN,NaN,NaN,NaN,NaN,15152
38532025,CFACT,NaN,NaN,https://twitter.com/cfact,TWITTER,cfact.org,N,27.5,US,en,15063
212708176,TheRightScoop,NaN,NaN,https://twitter.com/TheRightScoop,TWITTER,therightscoop.com,N,34.5,US,en,15027
1575652041447604224,lucaforsure,13,846,NaN,NaN,NaN,NaN,NaN,NaN,NaN,14952
1495192440315121665,Snap1967Ginger,20,4566,NaN,NaN,NaN,NaN,NaN,NaN,NaN,14887
1548363064805732352,lp_mitchell2,24,2738,NaN,NaN,NaN,NaN,NaN,NaN,NaN,14885
1355951865196933122,Fleur50559050,20,7363,NaN,NaN,NaN,NaN,NaN,NaN,NaN,14784
1368467361058099200,RIKIMARU_TH,21,1219,NaN,NaN,NaN,NaN,NaN,NaN,NaN,14757
1561075980386684928,BobFighter_45,13,1274,NaN,NaN,NaN,NaN,NaN,NaN,NaN,14623
1119671338594177024,DisrnNews,NaN,NaN,https://twitter.com/DisrnNews,TWITTER,disrn.com,N,57,US,en,14565
39284144,WylieGuide,12,778,NaN,NaN,NaN,NaN,NaN,NaN,NaN,14469
1534096025371164673,YasinAslanTrk1,11,2295,NaN,NaN,NaN,NaN,NaN,NaN,NaN,14442
1496112906303414282,AssoJNSPUD,11,1508,NaN,NaN,NaN,NaN,NaN,NaN,NaN,14437
2877278342,stanpcfl,28,7851,NaN,NaN,NaN,NaN,NaN,NaN,NaN,14418
3252965109,starstuded11,13,600,NaN,NaN,NaN,NaN,NaN,NaN,NaN,14346
489894993,judyannaggie,18,2261,NaN,NaN,NaN,NaN,NaN,NaN,NaN,14237
1620813710246744068,JulieGMinistry,17,812,NaN,NaN,NaN,NaN,NaN,NaN,NaN,14156
3024145977,fieryglimmer,19,1343,NaN,NaN,NaN,NaN,NaN,NaN,NaN,14154
875663233738313728,white_arrow_uk,11,310,NaN,NaN,NaN,NaN,NaN,NaN,NaN,14143
1550525191398490114,ryouzi_r,16,1226,NaN,NaN,NaN,NaN,NaN,NaN,NaN,14089
1606691230196400129,RedState66,24,2271,NaN,NaN,NaN,NaN,NaN,NaN,NaN,14059
1335753957998796801,ThePatsGazette,NaN,NaN,https://twitter.com/thepatsgazette,TWITTER,patriotsgazette.com,N,52,US,en,14005
1513236058334498816,VelzenRemco,12,1227,NaN,NaN,NaN,NaN,NaN,NaN,NaN,13919
1448190684582879234,CzeKuku2,22,2012,NaN,NaN,NaN,NaN,NaN,NaN,NaN,13832
1338719100260986880,khaleesi77777,15,1960,NaN,NaN,NaN,NaN,NaN,NaN,NaN,13757
2567353273,Rattetytat,11,559,NaN,NaN,NaN,NaN,NaN,NaN,NaN,13757
1604581002655027200,DiscoverTRW,66,9321,NaN,NaN,NaN,NaN,NaN,NaN,NaN,13746
29608684,JesusDaily,NaN,NaN,https://twitter.com/jesusdaily,TWITTER,jesusdaily.com,N,52,US,en,13744
1390217288205307904,PatrickCNFC,16,2125,NaN,NaN,NaN,NaN,NaN,NaN,NaN,13743
1137638220,thegailygrind,NaN,NaN,https://twitter.com/thegailygrind,TWITTER,thegailygrind.com,N,57.5,US,en,13742
1263535557503848450,Eloise93833941,11,436,NaN,NaN,NaN,NaN,NaN,NaN,NaN,13653
1536121812102176769,CShoemakerMD,14,1047,NaN,NaN,NaN,NaN,NaN,NaN,NaN,13613
1182558433796448256,xrenaur,15,573,NaN,NaN,NaN,NaN,NaN,NaN,NaN,13608
1504937744627384330,RikardRene,23,3084,NaN,NaN,NaN,NaN,NaN,NaN,NaN,13595
808817799363723265,Panamadan61,14,710,NaN,NaN,NaN,NaN,NaN,NaN,NaN,13516
1541155265898315779,Wondercri1982,25,2580,NaN,NaN,NaN,NaN,NaN,NaN,NaN,13504
1223375375444525057,ShellbackProud,15,553,NaN,NaN,NaN,NaN,NaN,NaN,NaN,13479
1512740068091379721,SimonElmer2022,19,2086,NaN,NaN,NaN,NaN,NaN,NaN,NaN,13168
1161862918347972608,chen88888899,12,809,NaN,NaN,NaN,NaN,NaN,NaN,NaN,13130
1339665384723673088,SawyersGhost,23,1338,NaN,NaN,NaN,NaN,NaN,NaN,NaN,13127
1002361483169226752,TrialsiteN,NaN,NaN,https://twitter.com/TrialsiteN,TWITTER,trialsitenews.com,N,30,US,en,13042
286358221,UnleashMind,NaN,NaN,https://twitter.com/unleashmind,TWITTER,themindunleashed.com,N,57,US,en,13034
1184647108290170880,Zoogerdee2024,17,763,NaN,NaN,NaN,NaN,NaN,NaN,NaN,13006
1322604393334599680,KDanigall,20,9623,NaN,NaN,NaN,NaN,NaN,NaN,NaN,12999
959983126817755136,JimLongo63,12,488,NaN,NaN,NaN,NaN,NaN,NaN,NaN,12965
774893842780696577,TheGoldWaterUS,NaN,NaN,https://twitter.com/thegoldwaterUS,TWITTER,thegoldwater.com,N,20,US,en,12964
1076325532734709762,TEN__IDN,16,995,NaN,NaN,NaN,NaN,NaN,NaN,NaN,12926
1515195834513584131,himalayamos,17,1011,NaN,NaN,NaN,NaN,NaN,NaN,NaN,12808
1267984619368075270,pcisbs1,13,465,NaN,NaN,NaN,NaN,NaN,NaN,NaN,12791
1267121558067326977,Dover63A,37,11870,NaN,NaN,NaN,NaN,NaN,NaN,NaN,12769
28627025,VLongobardo,22,1962,NaN,NaN,NaN,NaN,NaN,NaN,NaN,12698
1931893196,UnzReview,11,558,https://twitter.com/UnzReview,TWITTER,unz.com,N,37.5,US,en,12669
935093530036387841,DCsolar221,16,1183,NaN,NaN,NaN,NaN,NaN,NaN,NaN,12659
1387007530019164160,happyhbd__,19,8147,NaN,NaN,NaN,NaN,NaN,NaN,NaN,12616
1317473581476052993,S1lzF6u0WSo0BzD,60,10029,NaN,NaN,NaN,NaN,NaN,NaN,NaN,12587
861727430,srasberry1,11,309,NaN,NaN,NaN,NaN,NaN,NaN,NaN,12535
1923729505,TechTimes_News,NaN,NaN,https://twitter.com/TechTimes_News,TWITTER,techtimes.com,N,57,US,en,12490
1345735045382721536,LDN327,15,5217,NaN,NaN,NaN,NaN,NaN,NaN,NaN,12485
1575628379985891328,carolinagirl_45,12,1969,NaN,NaN,NaN,NaN,NaN,NaN,NaN,12398
931192352940621824,TruBlackPhoenix,12,641,NaN,NaN,NaN,NaN,NaN,NaN,NaN,12330
1519305434326257670,WarRoom_FanPage,20,2911,NaN,NaN,NaN,NaN,NaN,NaN,NaN,12321
1366770426798481409,SANTADANCE_TH,19,908,NaN,NaN,NaN,NaN,NaN,NaN,NaN,12282
800101436642050048,Leyh___Brian,41,8449,NaN,NaN,NaN,NaN,NaN,NaN,NaN,12204
1373478833232388102,Mika_THOfficial,18,903,NaN,NaN,NaN,NaN,NaN,NaN,NaN,12193
600191654,andy5_123,16,747,NaN,NaN,NaN,NaN,NaN,NaN,NaN,12156
1164955068837195776,YaochensClub_TH,15,737,NaN,NaN,NaN,NaN,NaN,NaN,NaN,12029
1318369957470588928,WuYuHengTH,11,283,NaN,NaN,NaN,NaN,NaN,NaN,NaN,11994
1376150074611232774,mark89894,25,3213,NaN,NaN,NaN,NaN,NaN,NaN,NaN,11915
1423788532317962246,JackieC49305942,11,696,NaN,NaN,NaN,NaN,NaN,NaN,NaN,11883
910321692995600385,soonyunqi,31,2902,NaN,NaN,NaN,NaN,NaN,NaN,NaN,11781
1266214069008084993,rickoshimizu,15,649,NaN,NaN,NaN,NaN,NaN,NaN,NaN,11695
1544107707946369027,mdt546,15,2971,NaN,NaN,NaN,NaN,NaN,NaN,NaN,11683
840054480590651394,Anpo_Star,17,1423,NaN,NaN,NaN,NaN,NaN,NaN,NaN,11677
89485180,fpmag,NaN,NaN,https://twitter.com/fpmag,TWITTER,frontpagemag.com,N,30,US,en,11676
1372391265988399106,UnsilencedOrg,14,682,NaN,NaN,NaN,NaN,NaN,NaN,NaN,11657
1545209242986065921,4mYeeFHhA6H1OnF,13,1729,NaN,NaN,NaN,NaN,NaN,NaN,NaN,11650
1081142906520367104,Pancho66196600,11,1285,NaN,NaN,NaN,NaN,NaN,NaN,NaN,11483
504421694,Strange_Sounds,NaN,NaN,https://twitter.com/strange_sounds,TWITTER,strangesounds.org,N,25,US,en,11432
831476294353235972,sicgom_esports,12,545,NaN,NaN,NaN,NaN,NaN,NaN,NaN,11330
1539579530381254656,AnnAmericaFirst,37,6214,NaN,NaN,NaN,NaN,NaN,NaN,NaN,11222
1079810626287853568,WayV_China_STA,20,1069,NaN,NaN,NaN,NaN,NaN,NaN,NaN,11190
18637344,intellectualTO,NaN,NaN,https://twitter.com/intellectualTO,TWITTER,intellectualtakeout.org,N,44.5,US,en,11117
8793352,brandootr,29,2153,NaN,NaN,NaN,NaN,NaN,NaN,NaN,11080
1254822389981970435,freedomfirstnet,NaN,NaN,https://twitter.com/freedomfirstnet,TWITTER,freedomfirstnetwork.com,N,12.5,US,en,11065
1571753929104556036,MapleSyrupTart,22,3388,NaN,NaN,NaN,NaN,NaN,NaN,NaN,11034
1014667477,VanEmmerickKris,15,1143,NaN,NaN,NaN,NaN,NaN,NaN,NaN,11010
2511407130,Slay_News_,NaN,NaN,https://twitter.com/Slay_News_,TWITTER,slaynews.com,N,22,US,en,10952
1548065460121321474,PopsBackAgain,39,5132,NaN,NaN,NaN,NaN,NaN,NaN,NaN,10885
1508401036523970568,MAGAWarrior_45,14,992,NaN,NaN,NaN,NaN,NaN,NaN,NaN,10859
1467482107,MDiplomacyWORLD,NaN,NaN,https://twitter.com/MDiplomacyWORLD,TWITTER,moderndiplomacy.eu,N,12.5,US,en,10792
1564967204,AdamShawNY,19,1854,NaN,NaN,NaN,NaN,NaN,NaN,NaN,10722
1550141367426449410,ZombyWoof2022,14,747,NaN,NaN,NaN,NaN,NaN,NaN,NaN,10613
902178672626593793,TommyPigott,41,6577,NaN,NaN,NaN,NaN,NaN,NaN,NaN,10527
1339533541248385024,iyathoeungg,27,6178,NaN,NaN,NaN,NaN,NaN,NaN,NaN,10448
486289771,GrabienMedia,NaN,NaN,https://twitter.com/grabienmedia,TWITTER,grabien.com,N,44.5,US,en,10422
3436859014,MMelinda777,11,456,NaN,NaN,NaN,NaN,NaN,NaN,NaN,10367
1115354961838137344,PoliceThePolic1,13,754,NaN,NaN,NaN,NaN,NaN,NaN,NaN,10230
3490454713,thinkamericana,NaN,NaN,https://www.twitter.com/thinkamericana,TWITTER,thinkamericana.com,N,32,US,en,10215
3581784381,Blue22Dave,15,2018,NaN,NaN,NaN,NaN,NaN,NaN,NaN,10196
1546431450249306113,weizhenshe,13,2546,NaN,NaN,NaN,NaN,NaN,NaN,NaN,10178
1242047101518913537,MartinMeinung,14,849,NaN,NaN,NaN,NaN,NaN,NaN,NaN,10139
1092863064586608640,ModiGovt2,14,981,NaN,NaN,NaN,NaN,NaN,NaN,NaN,10135
1393724759104397313,thesoulmate95pj,14,2185,NaN,NaN,NaN,NaN,NaN,NaN,NaN,10021
1330938379006042112,UW_Inter,NaN,NaN,https://twitter.com/UW_Inter,TWITTER,uwidata.com,N,20,US,en,10002
1233051272,JosephWulfsohn,14,2880,NaN,NaN,NaN,NaN,NaN,NaN,NaN,9851
1556352408405557250,pamhuntersmom,25,1660,NaN,NaN,NaN,NaN,NaN,NaN,NaN,9752
475119104,WakingTimes,NaN,NaN,https://twitter.com/wakingtimes,TWITTER,wakingtimes.com,N,17.5,US,en,9743
1477972097565708289,Scott4MAGA,16,3721,NaN,NaN,NaN,NaN,NaN,NaN,NaN,9696
238670666,COpeakpolitics,NaN,NaN,https://twitter.com/COpeakpolitics,TWITTER,coloradopeakpolitics.com,N,57.5,US,en,9633
1585989292496764931,Myltraduction,11,439,NaN,NaN,NaN,NaN,NaN,NaN,NaN,9572
393956119,giga128daytoy,22,1243,NaN,NaN,NaN,NaN,NaN,NaN,NaN,9571
880427352,Elvin_Unleashed,14,605,NaN,NaN,NaN,NaN,NaN,NaN,NaN,9569
1120353165663199234,babulal_vasant,12,327,NaN,NaN,NaN,NaN,NaN,NaN,NaN,9498
878225881,WildlifeRefugee,13,669,NaN,NaN,NaN,NaN,NaN,NaN,NaN,9413
1364528297531506691,yejibyeol,33,3245,NaN,NaN,NaN,NaN,NaN,NaN,NaN,9400
1067490734759178240,1776DrRick,19,1238,NaN,NaN,NaN,NaN,NaN,NaN,NaN,9396
1518591601,MendlovitzMark,11,391,NaN,NaN,NaN,NaN,NaN,NaN,NaN,9373
905092134,dailyhealthpost,NaN,NaN,https://twitter.com/dailyhealthpost,TWITTER,dailyhealthpost.com,N,20,US,en,9353
1157723480,courage04ever,26,1559,NaN,NaN,NaN,NaN,NaN,NaN,NaN,9255
1268382058432221186,CovidAnalysis,NaN,NaN,https://twitter.com/CovidAnalysis,TWITTER,c19early.com,N,39.5,US,en,9231
1280883036213706763,BobMalandrin,54,20446,NaN,NaN,NaN,NaN,NaN,NaN,NaN,9230
1369113147815178241,carouru2,11,609,NaN,NaN,NaN,NaN,NaN,NaN,NaN,9186
1946830916,catranchdream,12,1497,NaN,NaN,NaN,NaN,NaN,NaN,NaN,9179
25533583,PatriotPost,NaN,NaN,https://www.twitter.com/PatriotPost,TWITTER,patriotpost.us,N,20,US,en,9177
1344813752235880448,Frisky60AZ,30,2112,NaN,NaN,NaN,NaN,NaN,NaN,NaN,9175
1443033661545205760,BrentHane,40,3775,NaN,NaN,NaN,NaN,NaN,NaN,NaN,9129
1012343293085011972,FcSunnee,12,570,NaN,NaN,NaN,NaN,NaN,NaN,NaN,9111
1400696309976231941,COVID19Up1,NaN,NaN,https://twitter.com/COVID19Up1,TWITTER,covid19up.org,N,7.5,US,en,9099
739193071674347520,BullseyeBanjo,12,332,NaN,NaN,NaN,NaN,NaN,NaN,NaN,9099
19920143,natureheals,NaN,NaN,https://twitter.com/natureheals,TWITTER,healthy-holistic-living.com,N,22.5,US,en,8970
20930176,SOTTnet,NaN,NaN,https://twitter.com/SOTTnet,TWITTER,sott.net,N,17.5,US,en,8969
188916113,christianhlines,NaN,NaN,https://twitter.com/christianhlines,TWITTER,christianheadlines.com,N,57,US,en,8951
256386408,powerlineUS,NaN,NaN,https://www.twitter.com/powerlineUS,TWITTER,powerlineblog.com,N,57,US,en,8887
1439183612616720388,tobimono2,22,2238,NaN,NaN,NaN,NaN,NaN,NaN,NaN,8876
1309182345103069184,yiidream,23,7057,NaN,NaN,NaN,NaN,NaN,NaN,NaN,8817
1601596423962857481,Anais_Tea_,12,395,NaN,NaN,NaN,NaN,NaN,NaN,NaN,8798
442934291,TheAltDaily,NaN,NaN,https://twitter.com/thealtdaily,TWITTER,thealternativedaily.com,N,20,US,en,8786
1485641151038242826,RealWsiegrist,11,331,NaN,NaN,NaN,NaN,NaN,NaN,NaN,8780
1363772105905627136,LBasemi,11,565,NaN,NaN,NaN,NaN,NaN,NaN,NaN,8765
772767795788546048,SANAEnOfficial,NaN,NaN,https://twitter.com/SANAEnOfficial,TWITTER,sana.sy,N,7.5,US,en,8720
1477224069149855745,Bob20227,15,2442,NaN,NaN,NaN,NaN,NaN,NaN,NaN,8690
160596522,ChiDefender,NaN,NaN,https://twitter.com/chidefender,TWITTER,chicagodefender.com,N,57.5,US,en,8688
1382346872400977922,oskepat_TH,16,641,NaN,NaN,NaN,NaN,NaN,NaN,NaN,8600
577490875,BrianMGC,18,1092,NaN,NaN,NaN,NaN,NaN,NaN,NaN,8543
851969019372548096,MinnesotaMiners,14,662,NaN,NaN,NaN,NaN,NaN,NaN,NaN,8495
1668450684,AMJalsevac,13,801,NaN,NaN,NaN,NaN,NaN,NaN,NaN,8492
1180820863798562817,lovely__dollS2,12,589,NaN,NaN,NaN,NaN,NaN,NaN,NaN,8455
4675561130,OnlinePatriots,NaN,NaN,https://twitter.com/OnlinePatriots,TWITTER,patriotjournal.org,N,54.5,US,en,8393
1578148374271954944,DbbTom,18,1368,NaN,NaN,NaN,NaN,NaN,NaN,NaN,8368
828800194355437573,209TimesCA,NaN,NaN,https://twitter.com/209TimesCA,TWITTER,209times.com,N,39.5,US,en,8365
1420881295995924484,AdeDetective,12,431,NaN,NaN,NaN,NaN,NaN,NaN,NaN,8227
757544465775099904,Cam_Cawthorne,17,1014,NaN,NaN,NaN,NaN,NaN,NaN,NaN,8178
1045921071180918785,ShenYue_TH,13,417,NaN,NaN,NaN,NaN,NaN,NaN,NaN,8176
1001154543168753665,TiwannaRN42,15,711,NaN,NaN,NaN,NaN,NaN,NaN,NaN,8160
1493258359734435840,guozhanshi,27,4705,NaN,NaN,NaN,NaN,NaN,NaN,NaN,8158
968283662,FormerFeds,15,944,NaN,NaN,NaN,NaN,NaN,NaN,NaN,8042
532602984,realMaryFanning,NaN,NaN,https://x.com/realMaryFanning?s=20,TWITTER,theamericanreport.org,N,7.5,US,en,7990
1160595663580618758,nama_wz,11,3874,NaN,NaN,NaN,NaN,NaN,NaN,NaN,7975
1577292215264710656,exthepose,17,890,NaN,NaN,NaN,NaN,NaN,NaN,NaN,7975
3499821328,yohiobaseball,18,969,NaN,NaN,NaN,NaN,NaN,NaN,NaN,7860
1007374418358800384,RealBruceClark,11,414,NaN,NaN,NaN,NaN,NaN,NaN,NaN,7722
1534303631125762052,JessicaLedezmaM,18,1854,NaN,NaN,NaN,NaN,NaN,NaN,NaN,7720
1258102233205481473,theraginpatriot,20,1719,https://twitter.com/theraginpatriot,TWITTER,theragingpatriot.org,N,34.5,US,en,7608
990922883420614657,dailysoundnfury,NaN,NaN,https://twitter.com/dailysoundnfury,TWITTER,dailysoundandfury.com,N,49.5,US,en,7598
1432102857243725831,MoBummer1,16,1001,NaN,NaN,NaN,NaN,NaN,NaN,NaN,7586
270441409,indiesentinel,NaN,NaN,https://www.twitter.com/indiesentinel,TWITTER,independentsentinel.com,N,30,US,en,7548
1357879150057455622,HeyLey98657471,18,1305,NaN,NaN,NaN,NaN,NaN,NaN,NaN,7542
1426960989996601344,MasterRaffster,11,418,NaN,NaN,NaN,NaN,NaN,NaN,NaN,7535
1308861445854158850,LarsBern2,15,1195,NaN,NaN,NaN,NaN,NaN,NaN,NaN,7453
1103351392285147136,vadogwoodnews,NaN,NaN,https://www.twitter.com/vadogwoodnews,TWITTER,vadogwood.com,N,57,US,en,7422
1412250479741050887,RealGregBoulden,12,367,NaN,NaN,NaN,NaN,NaN,NaN,NaN,7358
50478299,nancyvictoria,15,2169,NaN,NaN,NaN,NaN,NaN,NaN,NaN,7287
21064667,JimBakkerShow,NaN,NaN,https://twitter.com/JimBakkerShow,TWITTER,jimbakkershow.com,N,17.5,US,en,7214
2584508096,GR26Sic18,24,1617,NaN,NaN,NaN,NaN,NaN,NaN,NaN,7109
42732678,BCNbcn,NaN,NaN,https://twitter.com/BCNbcn,TWITTER,breakingchristiannews.com,N,44.5,US,en,7060
1318149959259049984,YIZHANForeverTH,22,1205,NaN,NaN,NaN,NaN,NaN,NaN,NaN,6989
1544019409898971137,JAG582000,12,381,NaN,NaN,NaN,NaN,NaN,NaN,NaN,6978
1508799908773605388,DidierDerichard,11,1006,NaN,NaN,NaN,NaN,NaN,NaN,NaN,6914
1199556767308337152,maapaadubu,26,3725,NaN,NaN,NaN,NaN,NaN,NaN,NaN,6907
117648019,ALEGRA1988,18,4181,NaN,NaN,NaN,NaN,NaN,NaN,NaN,6895
1244748518117474305,ChanceGardi,14,1804,NaN,NaN,NaN,NaN,NaN,NaN,NaN,6884
794728358,misskloss,19,4498,NaN,NaN,NaN,NaN,NaN,NaN,NaN,6848
1214915432043483142,CardinalAndPine,NaN,NaN,https://twitter.com/cardinalandpine,TWITTER,cardinalpine.com,N,57,US,en,6807
1401412511614767107,justice_trail,11,1464,NaN,NaN,NaN,NaN,NaN,NaN,NaN,6748
802040370259316736,Wendyy2009Wendy,18,791,NaN,NaN,NaN,NaN,NaN,NaN,NaN,6745
17523437,PeggyHall,NaN,NaN,https://twitter.com/PeggyHall,TWITTER,thehealthyamerican.org,N,22.5,US,en,6640
1589443233444089856,demcommies,NaN,NaN,https://twitter.com/demcommies,TWITTER,pacificpundit.com,N,0,US,en,6587
14668648,NaturalSolution,NaN,NaN,https://twitter.com/naturalsolution,TWITTER,naturalsolutionsmag.com,N,37.5,US,en,6580
1509960986882895872,bailu_thaifans,13,417,NaN,NaN,NaN,NaN,NaN,NaN,NaN,6562
1443601443777224713,DevotetoPaipai,17,1693,NaN,NaN,NaN,NaN,NaN,NaN,NaN,6480
1515021659249553417,Bitcoin1967,16,740,NaN,NaN,NaN,NaN,NaN,NaN,NaN,6450
1452246744859922442,SamiAntinniemi,13,733,NaN,NaN,NaN,NaN,NaN,NaN,NaN,6433
388772100,bunnyboxz,25,3770,NaN,NaN,NaN,NaN,NaN,NaN,NaN,6402
1594431297274974208,Patrici10834779,19,2709,NaN,NaN,NaN,NaN,NaN,NaN,NaN,6396
1481509513144717314,awakenindiamov,12,400,NaN,NaN,NaN,NaN,NaN,NaN,NaN,6217
1508025502124359684,N0000024,24,3742,NaN,NaN,NaN,NaN,NaN,NaN,NaN,6175
484371891,LuvusicaJ,11,415,NaN,NaN,NaN,NaN,NaN,NaN,NaN,6166
1593771884528680960,anguishoflibs,39,2781,NaN,NaN,NaN,NaN,NaN,NaN,NaN,6163
1021549421610377217,ConsPolToday,NaN,NaN,https://twitter.com/conspoltoday,TWITTER,conservativepolitics2day.com,N,50,US,en,6153
222209771,ConnersClinic,NaN,NaN,https://www.twitter.com/connersclinic,TWITTER,connersclinic.com,N,27.5,US,en,6113
1411354580550664193,grahamHmoore,12,467,NaN,NaN,NaN,NaN,NaN,NaN,NaN,6067
789574816223203328,SandalsAnew,12,363,NaN,NaN,NaN,NaN,NaN,NaN,NaN,6036
1564976739427786753,fengyunshe,145,36364,NaN,NaN,NaN,NaN,NaN,NaN,NaN,6020
1056630339995648000,AliciaFixLuke,NaN,NaN,https://twitter.com/AliciaFixLuke,TWITTER,bb4sp.com,N,37.5,US,en,5988
18040475,thedailybanter,NaN,NaN,https://twitter.com/thedailybanter,TWITTER,thedailybanter.com,N,59.5,US,en,5947
1567060703017582592,barnrble,13,626,NaN,NaN,NaN,NaN,NaN,NaN,NaN,5910
109640315,infolibnews,NaN,NaN,https://www.twitter.com/infolibnews,TWITTER,informationliberation.com,N,39.5,US,en,5903
1182375584229249024,PoliTribune,NaN,NaN,https://twitter.com/PoliTribune/,TWITTER,polinews.org,N,49.5,US,en,5881
1413542899103408135,ThaiLeiMiWulei,32,2469,NaN,NaN,NaN,NaN,NaN,NaN,NaN,5862
1494382646734082053,LastHawk33,18,1546,NaN,NaN,NaN,NaN,NaN,NaN,NaN,5802
1244303888850857985,PBeatap,11,584,NaN,NaN,NaN,NaN,NaN,NaN,NaN,5777
1306938412042260485,Scottnotonemor1,11,629,NaN,NaN,NaN,NaN,NaN,NaN,NaN,5728
1562461843117215745,Jules5570,14,544,NaN,NaN,NaN,NaN,NaN,NaN,NaN,5696
1898509585,AmActionNews,NaN,NaN,https://twitter.com/AmActionNews,TWITTER,americanactionnews.com,N,44.5,US,en,5651
1545083560788340736,moshuixiang,30,2607,NaN,NaN,NaN,NaN,NaN,NaN,NaN,5637
1374732530683887616,ClaireBalan,11,426,NaN,NaN,NaN,NaN,NaN,NaN,NaN,5549
1524801494494679041,WiktoriaKrasno2,16,1283,NaN,NaN,NaN,NaN,NaN,NaN,NaN,5545
1370259486661767169,IdahoTribune,NaN,NaN,https://twitter.com/IdahoTribune,TWITTER,idahotribune.org,N,52,US,en,5522
1547060724370792448,NFSC_HAGnews,219,117812,NaN,NaN,NaN,NaN,NaN,NaN,NaN,5519
2275471640,DonaldCourter,NaN,NaN,https://twitter.com/DonaldCourter,TWITTER,the-revolution-report.com,N,25,US,en,5463
1240130573026418688,MeganJia8,18,3755,NaN,NaN,NaN,NaN,NaN,NaN,NaN,5451
19257539,TheHayride,NaN,NaN,https://twitter.com/TheHayride,TWITTER,thehayride.com,N,22.5,US,en,5443
3008789129,Obamasshadow,11,432,NaN,NaN,NaN,NaN,NaN,NaN,NaN,5425
1596214923071201281,JoeDelfino9,17,589,NaN,NaN,NaN,NaN,NaN,NaN,NaN,5393
1188084175628197889,WZCOrangeGarden,13,478,NaN,NaN,NaN,NaN,NaN,NaN,NaN,5368
2559110916,FinishTheRace,NaN,NaN,https://twitter.com/FinishTheRace,TWITTER,finishtherace.com,N,12.5,US,en,5239
1214914228714430465,GanderNewsroom,NaN,NaN,https://twitter.com/GanderNewsroom,TWITTER,gandernewsroom.com,N,57,US,en,5237
821095705724866560,TheTNStar,NaN,NaN,https://twitter.com/thetnstar,TWITTER,theconnecticutstar.com,N,40,US,en,5210
1254748893453053952,YiboW_MTJJ_KR,15,586,NaN,NaN,NaN,NaN,NaN,NaN,NaN,5183
1263221313180700674,SeanTho98192182,15,952,NaN,NaN,NaN,NaN,NaN,NaN,NaN,5155
880827818690490368,kimura_kenchin,17,1040,NaN,NaN,NaN,NaN,NaN,NaN,NaN,5146
1204828671896379397,UpNorthNewsWI,NaN,NaN,https://twitter.com/upnorthnewswi,TWITTER,upnorthnewswi.com,N,57,US,en,5097
1428076295007703043,TheRealFrankSp1,NaN,NaN,https://twitter.com/TheRealFrankSp1,TWITTER,frankspeech.com,N,15,US,en,4989
1463201102443134976,danghwang1122,20,3049,NaN,NaN,NaN,NaN,NaN,NaN,NaN,4963
1480481415058042880,CHERRYYT1026,22,2568,NaN,NaN,NaN,NaN,NaN,NaN,NaN,4962
1214911363971190784,TheKeystone,NaN,NaN,https://twitter.com/thekeystone,TWITTER,keystonenewsroom.com,N,57,US,en,4955
1234862609758900224,PatFish62304572,15,455,NaN,NaN,NaN,NaN,NaN,NaN,NaN,4897
1486967118918983680,Denman13897929,27,17418,NaN,NaN,NaN,NaN,NaN,NaN,NaN,4831
1527597452395692032,KingThorMAGA,13,426,NaN,NaN,NaN,NaN,NaN,NaN,NaN,4782
881487888218808320,Jrg52192342,11,1034,NaN,NaN,NaN,NaN,NaN,NaN,NaN,4736
1257326901724540928,lxnthaifans,11,307,NaN,NaN,NaN,NaN,NaN,NaN,NaN,4681
1492222106989469700,Skeptical_Mike,28,5142,NaN,NaN,NaN,NaN,NaN,NaN,NaN,4680
1062413857,catholic_proud,NaN,NaN,https://twitter.com/catholic_proud,TWITTER,catholicsay.com,N,57,US,en,4661
1186797952729341958,ConservativeAd5,13,1005,NaN,NaN,NaN,NaN,NaN,NaN,NaN,4647
1283500466022875137,davidjsorensen,NaN,NaN,https://x.com/davidjsorensen?s=20,TWITTER,stopworldcontrol.com,N,20,US,en,4627
1021840166380421120,saisaisaiiz,14,986,NaN,NaN,NaN,NaN,NaN,NaN,NaN,4614
20275274,ecJulie,12,260,NaN,NaN,NaN,NaN,NaN,NaN,NaN,4614
429091729,amer_pregnancy,NaN,NaN,https://twitter.com/amer_pregnancy,TWITTER,americanpregnancy.org,N,50,US,en,4613
1392751392499015680,Patrick_pppatJP,14,551,NaN,NaN,NaN,NaN,NaN,NaN,NaN,4583
1445790373381480455,WatchSalemNews,NaN,NaN,https://twitter.com/WatchSalemNews,TWITTER,salemnewschannel.com,N,15,US,en,4580
1350612555035799553,HimalayaMayflo1,17,4643,NaN,NaN,NaN,NaN,NaN,NaN,NaN,4546
1368483366543130624,alwayspptt,24,3751,NaN,NaN,NaN,NaN,NaN,NaN,NaN,4500
1158740854787465217,standforhealth1,NaN,NaN,https://x.com/standforhealth1?s=20,TWITTER,standforhealthfreedom.com,N,20,US,en,4430
1561364290820530180,TrevorJukes1,13,850,NaN,NaN,NaN,NaN,NaN,NaN,NaN,4367
1488945164597014541,TastyMorsel6,21,1871,NaN,NaN,NaN,NaN,NaN,NaN,NaN,4349
524863586,GeorgeMurrayJr1,11,412,NaN,NaN,NaN,NaN,NaN,NaN,NaN,4226
400836718,Lilytail_D,12,410,NaN,NaN,NaN,NaN,NaN,NaN,NaN,4166
1419287020057235468,forchengxiao_th,14,420,NaN,NaN,NaN,NaN,NaN,NaN,NaN,4158
1269362727216168964,DrCraigRoberts,NaN,NaN,https://twitter.com/drcraigroberts,TWITTER,paulcraigroberts.org,N,12.5,US,en,4127
556019936,FPPTim,NaN,NaN,https://twitter.com/FPPTim,TWITTER,thewashingtonstandard.com,N,17.5,US,en,4056
1565507057549459457,nho82897178,94,22813,NaN,NaN,NaN,NaN,NaN,NaN,NaN,4041
791278480935817217,tagDivOfficial,NaN,NaN,https://www.twitter.com/tagdivofficial,TWITTER,weboff.us,N,52,US,en,3938
1415684804339589120,ForLiuYu_TH,31,2870,NaN,NaN,NaN,NaN,NaN,NaN,NaN,3912
42958086,NewsRescue,NaN,NaN,https://www.twitter.com/newsrescue,TWITTER,newsrescue.com,N,17.5,US,en,3904
2876905581,Russia_Truth,NaN,NaN,https://twitter.com/Russia_Truth,TWITTER,russiatruth.co,N,7.5,US,en,3892
1540333136676274178,OnmyojiWiki_EN,20,1149,NaN,NaN,NaN,NaN,NaN,NaN,NaN,3888
107663893,teriksson9,17,1052,NaN,NaN,NaN,NaN,NaN,NaN,NaN,3875
1501492520718532618,GTV26543476,62,8091,NaN,NaN,NaN,NaN,NaN,NaN,NaN,3874
1536991869334585349,guimei2929,29,3761,NaN,NaN,NaN,NaN,NaN,NaN,NaN,3870
3244343936,R_republic_411,NaN,NaN,https://twitter.com/R_republic_411,TWITTER,restoredrepublic.co,N,7.5,US,en,3864
1526762337591386119,AscendantDove,19,922,NaN,NaN,NaN,NaN,NaN,NaN,NaN,3858
1090667626441961473,queenb_wiov,15,1367,NaN,NaN,NaN,NaN,NaN,NaN,NaN,3852
22727234,FreedomsPhoenix,NaN,NaN,https://twitter.com/freedomsphoenix,TWITTER,freedomsphoenix.com,N,17.5,US,en,3829
1472112627853983746,blueskybaiyun2,42,7172,NaN,NaN,NaN,NaN,NaN,NaN,NaN,3818
15759387,RadioPatriot,NaN,NaN,https://twitter.com/RadioPatriot,TWITTER,radiopatriot.net,N,30,US,en,3808
190484934,HoustonKeene,12,640,NaN,NaN,NaN,NaN,NaN,NaN,NaN,3707
1517924615833755650,GuitarJPalumbo,12,837,NaN,NaN,NaN,NaN,NaN,NaN,NaN,3658
1137844959296593921,tampafreepress,NaN,NaN,https://twitter.com/tampafreepress,TWITTER,tampafp.com,N,57,US,en,3642
1386013984122417153,ShenYunCreation,12,586,NaN,NaN,NaN,NaN,NaN,NaN,NaN,3565
163777664,larien_gubler,11,1876,NaN,NaN,NaN,NaN,NaN,NaN,NaN,3513
730298289204027392,cosmicruiser,11,231,NaN,NaN,NaN,NaN,NaN,NaN,NaN,3461
1310402802,doiekunkun,22,3432,NaN,NaN,NaN,NaN,NaN,NaN,NaN,3458
1350207451161915394,bjyxEShouse,11,306,NaN,NaN,NaN,NaN,NaN,NaN,NaN,3438
112902058,InvestWatchBlog,NaN,NaN,https://twitter.com/InvestWatchBlog,TWITTER,investmentwatchblog.com,N,32,US,en,3434
1410086040,Dan19726,12,438,NaN,NaN,NaN,NaN,NaN,NaN,NaN,3418
1541342420884938757,MarieNat23,16,1282,NaN,NaN,NaN,NaN,NaN,NaN,NaN,3386
1458213223749009410,NickNkvd,14,811,NaN,NaN,NaN,NaN,NaN,NaN,NaN,3356
1367735891423203329,boyuanarchive,18,2159,NaN,NaN,NaN,NaN,NaN,NaN,NaN,3270
1499014004425035783,Mebrat39,15,876,NaN,NaN,NaN,NaN,NaN,NaN,NaN,3253
1202282198793117696,Trend_Politics,NaN,NaN,https://twitter.com/Trend_Politics,TWITTER,trendingpolitics.com,N,39.5,US,en,3213
1330856211139284994,TEENSINTIMESTH,12,269,NaN,NaN,NaN,NaN,NaN,NaN,NaN,3191
1283082665227321344,TexasFBA4Ever,15,700,NaN,NaN,NaN,NaN,NaN,NaN,NaN,3176
3454726154,co_firing_line,NaN,NaN,https://twitter.com/co_firing_line,TWITTER,conservativefiringline.com,N,0,US,en,3150
721820969690468352,MustReadAlaska,NaN,NaN,https://twitter.com/MustReadAlaska,TWITTER,mustreadalaska.com,N,49.5,US,en,3133
1205501409971580928,americanoreport,NaN,NaN,https://twitter.com/americanoreport,TWITTER,theamericanonews.com,N,57,US,en,3001
1153325872084074496,CopperCourier,NaN,NaN,https://twitter.com/CopperCourier,TWITTER,coppercourier.com,N,57,US,en,2987
872152117,DaisyLuther,NaN,NaN,https://twitter.com/DaisyLuther,TWITTER,theorganicprepper.com,N,20,US,en,2908
1590672558679941121,nfscweizhen,16,2834,NaN,NaN,NaN,NaN,NaN,NaN,NaN,2855
3236968104,AimHardoi,11,330,NaN,NaN,NaN,NaN,NaN,NaN,NaN,2853
1453005729875566599,Tony73_censored,14,1205,NaN,NaN,NaN,NaN,NaN,NaN,NaN,2832
1230120490498494466,BakarecPolitika,16,1047,NaN,NaN,NaN,NaN,NaN,NaN,NaN,2817
1872617761,joeimbriano777,NaN,NaN,https://twitter.com/joeimbriano777,TWITTER,thefullertoninformer.com,N,32.5,US,en,2813
1575059389932879872,ExtractsUK,12,731,NaN,NaN,NaN,NaN,NaN,NaN,NaN,2806
1544894269051514880,MojaMojappa,14,963,NaN,NaN,NaN,NaN,NaN,NaN,NaN,2802
1639485735932764161,FirstQAnon,NaN,NaN,https://x.com/FirstQAnon?s=20,TWITTER,qanon.pub,N,17.5,US,en,2677
3905819426,ReadTheHornNews,NaN,NaN,https://twitter.com/readthehornnews,TWITTER,thehornnews.com,N,49.5,US,en,2672
1406695379958001665,TruthForHealth,NaN,NaN,https://twitter.com/TruthForHealth,TWITTER,truthforhealth.org,N,20,US,en,2634
3312017672,theBerniePost,NaN,NaN,https://twitter.com/theBerniePost,TWITTER,berniepost.com,N,39.5,US,en,2614
1536303332448292864,HCN77777,12,2068,NaN,NaN,NaN,NaN,NaN,NaN,NaN,2608
1522732262671986688,Pdaug44,14,729,NaN,NaN,NaN,NaN,NaN,NaN,NaN,2564
2451343801,DCEngager,NaN,NaN,https://twitter.com/DCEngager,TWITTER,washingtonengager.com,N,7.5,US,en,2540
241622603,Baltimore_Times,NaN,NaN,https://twitter.com/Baltimore_Times,TWITTER,baltimoretimes-online.com,N,57,US,en,2525
1553133931112833026,MicheliniSuzie,11,244,NaN,NaN,NaN,NaN,NaN,NaN,NaN,2517
2799579312,umekei1113,12,543,NaN,NaN,NaN,NaN,NaN,NaN,NaN,2503
1400867111703089154,RagingAmericans,NaN,NaN,https://twitter.com/ragingamericans,TWITTER,ragingamericans.com,N,32,US,en,2482
1491820220,REALfarmacy,NaN,NaN,https://twitter.com/realfarmacy,TWITTER,realfarmacy.com,N,12.5,US,en,2482
1148781720876937216,Deejo53513317,11,589,NaN,NaN,NaN,NaN,NaN,NaN,NaN,2358
1598290284764618753,moranyibo_,20,1473,NaN,NaN,NaN,NaN,NaN,NaN,NaN,2356
1594491680815718401,MrsScotty1,18,904,NaN,NaN,NaN,NaN,NaN,NaN,NaN,2345
1430772400258441229,Mos_Translators,31,2230,NaN,NaN,NaN,NaN,NaN,NaN,NaN,2335
1482348076895711232,NineteamsUpdate,40,5901,NaN,NaN,NaN,NaN,NaN,NaN,NaN,2335
2745792751,VineyardSaker,NaN,NaN,https://twitter.com/vineyardsaker?lang=en,TWITTER,thesaker.is,N,20,US,en,2330
433262223,mmintt_ssamm,13,702,NaN,NaN,NaN,NaN,NaN,NaN,NaN,2319
1483767977807859720,YEJI_CNFU,32,2806,NaN,NaN,NaN,NaN,NaN,NaN,NaN,2311
1297154054,herbhealthhappy,NaN,NaN,https://twitter.com/herbhealthhappy?lang=en,TWITTER,herbshealthhappiness.com,N,22.5,US,en,2287
754523975867244544,NewsFromCCT,NaN,NaN,https://twitter.com/NewsFromCCT,TWITTER,clarkcountytoday.com,N,57,US,en,2279
1546820364042379264,CPAJim2022,11,482,NaN,NaN,NaN,NaN,NaN,NaN,NaN,2245
55580205,drsircus,NaN,NaN,https://twitter.com/drsircus,TWITTER,drsircus.com,N,27.5,US,en,2228
235208822,DrMichaelMurray,NaN,NaN,https://twitter.com/DrMichaelMurray,TWITTER,doctormurray.com,N,12.5,US,en,2221
1494308511525720069,Mesigal7,13,836,NaN,NaN,NaN,NaN,NaN,NaN,NaN,2208
1583807088408465410,Fortfts_Korea,15,547,NaN,NaN,NaN,NaN,NaN,NaN,NaN,2174
1592188700787707906,FrontlineNewsUS,NaN,NaN,https://twitter.com/FrontlineNewsUS,TWITTER,frontline.news,N,12.5,US,en,2135
977235875703803904,TheRightNewsNow,NaN,NaN,https://x.com/TheRightNewsNow?s=20,TWITTER,rightnewsnow.org,N,44.5,US,en,2132
18176382,GraniteGrok,NaN,NaN,https://twitter.com/GraniteGrok,TWITTER,granitegrok.com,N,37.5,US,en,2129
1539018140100722691,wayvisionnie,13,535,NaN,NaN,NaN,NaN,NaN,NaN,NaN,2123
1238747729582407680,qikong_,13,371,NaN,NaN,NaN,NaN,NaN,NaN,NaN,2107
1045872810038419457,ChinaDailyUSA,NaN,NaN,https://twitter.com/ChinaDailyUSA,TWITTER,chinadaily.com.cn,N,44.5,US,en,2106
76650226,djockers5,NaN,NaN,https://twitter.com/djockers5,TWITTER,drjockers.com,N,20,US,en,2088
1559722228564070400,AnnOutLoud,19,1374,NaN,NaN,NaN,NaN,NaN,NaN,NaN,2073
1498166646330245123,HagosSuzan,13,642,NaN,NaN,NaN,NaN,NaN,NaN,NaN,2048
1379904915863134213,ConservRoof,NaN,NaN,https://twitter.com/ConservRoof,TWITTER,conservativeroof.com,N,0,US,en,2022
1262840135659503619,HIT_Evidence,NaN,NaN,https://twitter.com/HIT_Evidence,TWITTER,hereistheevidence.com,N,7.5,US,en,1999
789598902,livelovefruit,NaN,NaN,https://twitter.com/livelovefruit,TWITTER,livelovefruit.com,N,59.5,US,en,1980
48463582,imjustasteph,22,1767,NaN,NaN,NaN,NaN,NaN,NaN,NaN,1964
1228018942444101632,YakToraNW,13,401,NaN,NaN,NaN,NaN,NaN,NaN,NaN,1960
839188766208245761,LosAngelesBlade,NaN,NaN,https://twitter.com/LosAngelesBlade,TWITTER,losangelesblade.com,N,49.5,US,en,1926
1437076293703503877,MaryMor08180163,14,1250,NaN,NaN,NaN,NaN,NaN,NaN,NaN,1922
870283075,HealthyFood999,NaN,NaN,https://twitter.com/healthyfood999,TWITTER,healthyfoodhouse.com,N,20,US,en,1905
1574564787555803136,OxfordSevenStar,20,9322,NaN,NaN,NaN,NaN,NaN,NaN,NaN,1845
1562490502213402629,RobinOutLoud,12,944,NaN,NaN,NaN,NaN,NaN,NaN,NaN,1821
816624933908320256,lukkana851,20,925,NaN,NaN,NaN,NaN,NaN,NaN,NaN,1715
229887759,DesertReview,NaN,NaN,https://twitter.com/DesertReview,TWITTER,thedesertreview.com,N,27.5,US,en,1714
91726226,SMObserved,NaN,NaN,https://twitter.com/smobserved,TWITTER,smobserved.com,N,37,US,en,1702
1408776492591448072,pppynklemonade,16,1993,NaN,NaN,NaN,NaN,NaN,NaN,NaN,1688
1426204233079140355,NevadaGlobe,NaN,NaN,https://twitter.com/NevadaGlobe,TWITTER,thenevadaglobe.com,N,57,US,en,1669
876046048023769088,StudioAdmin,14,1419,NaN,NaN,NaN,NaN,NaN,NaN,NaN,1667
498223316,cdalerts,NaN,NaN,https://twitter.com/cdalerts,TWITTER,conservative-daily.com,N,7.5,US,en,1654
1490815280817258496,ValiantNewsLive,NaN,NaN,https://twitter.com/ValiantNewsLive,TWITTER,valiantnews.com,N,42,US,en,1650
59824808,RossRosenfeld,22,3945,NaN,NaN,NaN,NaN,NaN,NaN,NaN,1585
1663885502540398595,realJoeHoft,NaN,NaN,https://twitter.com/realJoeHoft,TWITTER,joehoft.com,N,10,US,en,1553
1021138925773938689,TheOhioStar,NaN,NaN,https://twitter.com/TheOhioStar,TWITTER,theconnecticutstar.com,N,40,US,en,1418
1663963665660354562,SCJournalOnline,NaN,NaN,https://x.com/SCJournalOnline?s=20,TWITTER,strategic-culture.su,N,12.5,US,en,1412
1505629667713200132,westcdnfirst,16,892,NaN,NaN,NaN,NaN,NaN,NaN,NaN,1370
2202598633,DowntrendCom,NaN,NaN,https://twitter.com/downtrendcom,TWITTER,downtrend.com,N,7.5,US,en,1333
830237549268447233,AmericaDefiant,NaN,NaN,https://twitter.com/AmericaDefiant,TWITTER,defiantamerica.com,N,39.5,US,en,1331
42320186,WorldTribune,NaN,NaN,https://twitter.com/worldtribune?lang=en,TWITTER,worldtribune.com,N,20,US,en,1330
1621315950313361408,Kerfree17,15,652,NaN,NaN,NaN,NaN,NaN,NaN,NaN,1300
1473117925598842882,Fortfts_Trend,19,1031,NaN,NaN,NaN,NaN,NaN,NaN,NaN,1289
245227608,AltHealthWORKS,NaN,NaN,https://twitter.com/AltHealthWORKS,TWITTER,althealthworks.com,N,30,US,en,1288
1446575772374687745,AZFreeNews,NaN,NaN,https://twitter.com/AZFreeNews,TWITTER,azfreenews.com,N,44.5,US,en,1281
101395336,homenaturalcure,NaN,NaN,https://twitter.com/homenaturalcure,TWITTER,homenaturalcures.com,N,35,US,en,1251
2907198300,defjsuh,11,593,NaN,NaN,NaN,NaN,NaN,NaN,NaN,1240
1381175708316143619,beauty_gene_,11,949,NaN,NaN,NaN,NaN,NaN,NaN,NaN,1237
1439846902493638657,patreasure_,39,8314,NaN,NaN,NaN,NaN,NaN,NaN,NaN,1205
275633308,bluemoon2466,12,487,NaN,NaN,NaN,NaN,NaN,NaN,NaN,1187
873827305,brenda_spiller,14,693,NaN,NaN,NaN,NaN,NaN,NaN,NaN,1176
1133265016705175557,blessingfowoba,13,1850,NaN,NaN,NaN,NaN,NaN,NaN,NaN,1150
1008376462506971136,FL_Daily,NaN,NaN,https://twitter.com/fl_daily,TWITTER,floridadaily.com,N,44.5,US,en,1101
2891241164,shitexpress,NaN,NaN,https://x.com/shitexpress?s=20,TWITTER,prankmania.com,N,20,US,en,1093
1321227185852719104,MillionsAgainst,NaN,NaN,https://twitter.com/MillionsAgainst,TWITTER,mamm.org,N,30,US,en,1081
1227773808033116161,thelibertyloft,NaN,NaN,https://twitter.com/thelibertyloft,TWITTER,thelibertyloft.com,N,17.5,US,en,1075
1427076657198690305,gongxi8cai888,15,543,NaN,NaN,NaN,NaN,NaN,NaN,NaN,1074
1458092593548603410,realTangBoYuan_,15,761,NaN,NaN,NaN,NaN,NaN,NaN,NaN,1052
1133847556516122634,AlachuaChronic1,NaN,NaN,https://twitter.com/alachuachronic1,TWITTER,alachuachronicle.com,N,52,US,en,1041
1453753833650151428,gardenianights,14,469,NaN,NaN,NaN,NaN,NaN,NaN,NaN,1030
1328486920477831169,PressPopulist,NaN,NaN,https://x.com/PressPopulist?s=20,TWITTER,politicalsignal.com,N,0,US,en,993
75441707,WEEKLYBLITZ,NaN,NaN,https://twitter.com/WEEKLYBLITZ?ref_src=twsrc%5Egoogle%7Ctwcamp%5Eserp%7Ctwgr%5Eauthor,TWITTER,weeklyblitz.net,N,12.5,US,en,960
1019946132368216064,IA_Journal_,NaN,NaN,https://twitter.com/IA_Journal_,TWITTER,en.interaffairs.ru,N,32.5,US,en,950
1327390225664864256,GeorgiaStarNews,NaN,NaN,https://twitter.com/GeorgiaStarNews,TWITTER,theconnecticutstar.com,N,40,US,en,946
1586890416506347522,GeoengineeringW,NaN,NaN,https://twitter.com/GeoengineeringW,TWITTER,geoengineeringwatch.org,N,30,US,en,940
1585618712345935876,GA_Record,NaN,NaN,https://twitter.com/GA_Record,TWITTER,georgiarecord.com,N,20,US,en,933
812230714632663040,GreenWWarriors,NaN,NaN,https://twitter.com/GreenWWarriors,TWITTER,greenworldwarriors.com,N,57.5,US,en,895
1574488279390601220,Whatfinger1,NaN,NaN,https://twitter.com/Whatfinger1,TWITTER,whatfinger.com,N,12.5,US,en,888
1289317799181991937,TheVAStar,NaN,NaN,https://twitter.com/TheVAStar,TWITTER,theconnecticutstar.com,N,40,US,en,883
1546709213476335616,MGKoreaHA,35,2962,NaN,NaN,NaN,NaN,NaN,NaN,NaN,839
1175422255662153728,EntTofu,31,7498,NaN,NaN,NaN,NaN,NaN,NaN,NaN,828
912743253828624384,thetechstartups,NaN,NaN,https://twitter.com/thetechstartups,TWITTER,techstartups.com,N,44.5,US,en,814
1684841268956868609,GeopolitikaEN,NaN,NaN,https://twitter.com/GeopolitikaEN,TWITTER,geopolitika.ru,N,20,US,en,809
1491793694798024705,allaboutzhaolei,11,230,NaN,NaN,NaN,NaN,NaN,NaN,NaN,764
604632375,wellbeingjourna,NaN,NaN,https://twitter.com/wellbeingjourna,TWITTER,wellbeingjournal.com,N,40,US,en,761
1503929116990455808,zzNFSC,14,1172,NaN,NaN,NaN,NaN,NaN,NaN,NaN,753
2795035766,peoplesvoice_tv,NaN,NaN,https://x.com/peoplesvoice_tv?s=20,TWITTER,thepeoplesvoice.tv,N,0,US,en,687
890966759485788160,ConDailyPost,NaN,NaN,https://twitter.com/ConDailyPost/,TWITTER,conservativedailypost.com,N,5,US,en,687
990824828260110336,ppai201003,56,8855,NaN,NaN,NaN,NaN,NaN,NaN,NaN,687
1081701842470367232,CitizensJourn,NaN,NaN,https://twitter.com/CitizensJourn,TWITTER,citizensjournal.us,N,7.5,US,en,660
1431670983253901314,KTZZXZGG,15,808,NaN,NaN,NaN,NaN,NaN,NaN,NaN,629
976564489,conserveangle,NaN,NaN,https://twitter.com/conserveangle,TWITTER,conservativeangle.com,N,7.5,US,en,628
702582536397070337,awarenessactcom,NaN,NaN,https://twitter.com/awarenessactcom,TWITTER,awarenessact.com,N,57.5,US,en,617
1517714881734385664,AllForYuxin_TH,15,819,NaN,NaN,NaN,NaN,NaN,NaN,NaN,606
1285653600329510914,patriotproj,NaN,NaN,https://twitter.com/patriotproj,TWITTER,patriotproject.com,N,44.5,US,en,581
1526890996835168257,czxsdiary,13,450,NaN,NaN,NaN,NaN,NaN,NaN,NaN,577
532048883,EasternHerald,NaN,NaN,https://twitter.com/easternherald/,TWITTER,easternherald.com,N,5,US,en,560
344431345,WTFfacts,NaN,NaN,https://www.twitter.com/wtffacts,TWITTER,factswt.com,N,52,US,en,547
737749833281216512,chicago_wire,NaN,NaN,https://twitter.com/chicago_wire,TWITTER,westcooknews.com,N,49.5,US,en,532
846315486,ntdtv_english,NaN,NaN,https://twitter.com/ntdtv_english,TWITTER,ntdnews.com,N,44.5,US,en,528
1412429980424830982,TheStarNewsNet,NaN,NaN,https://twitter.com/TheStarNewsNet,TWITTER,theconnecticutstar.com,N,40,US,en,457
1393629109314539525,usawirenews,NaN,NaN,https://twitter.com/usawirenews?lang=en,TWITTER,theusawire.com,N,50,US,en,453
3326947147,Prntly,NaN,NaN,https://x.com/Prntly?s=20,TWITTER,prntly.com,N,12.5,US,en,438
3233513666,ConservPost,NaN,NaN,https://twitter.com/conservpost,TWITTER,conservativepost.com,N,39.5,US,en,417
893872174867656706,PoliticalDig,NaN,NaN,https://twitter.com/PoliticalDig,TWITTER,politicaldig.com,N,39.5,US,en,408
14866985,jubals,NaN,NaN,https://twitter.com/jubals,TWITTER,powderedwigsociety.com,N,0,US,en,404
1594872345901998080,MosWriting,54,21629,NaN,NaN,NaN,NaN,NaN,NaN,NaN,401
2711064734,hrtwarming,NaN,NaN,https://twitter.com/hrtwarming,TWITTER,hrtwarming.com,N,52,US,en,368
770700673688088577,_HealingOracle_,NaN,NaN,https://twitter.com/_HealingOracle_,TWITTER,healingoracle.ch,N,20,US,en,368
1647749834646999040,creatdestmed,NaN,NaN,https://twitter.com/creatdestmed,TWITTER,creativedestructionmedia.com,N,20,US,en,364
2579246143,VisionTWorld,NaN,NaN,https://twitter.com/VisionTWorld,TWITTER,visiontimes.com,N,44.5,US,en,361
29733324,YourNewsMedia,NaN,NaN,https://twitter.com/YourNewsMedia,TWITTER,yournews.com,N,7.5,US,en,351
2210919288,koumuzi0622,11,343,NaN,NaN,NaN,NaN,NaN,NaN,NaN,337
791141046054944769,210observer,NaN,NaN,https://twitter.com/210observer,TWITTER,saobserver.com,N,39.5,US,en,332
830735349206904833,Guardemocracy,NaN,NaN,https://twitter.com/Guardemocracy,TWITTER,theguardiansofdemocracy.com,N,50,US,en,328
2571638600,VisionTimesLife,NaN,NaN,https://twitter.com/VisionTimesLife,TWITTER,visiontimes.com,N,44.5,US,en,317
91552706,20minut_zh,NaN,NaN,https://x.com/20minut_zh?s=20,TWITTER,zt.20minut.ua,N,55,US,en,304
917259934940704768,humanrights_ir,NaN,NaN,https://twitter.com/humanrights_ir,TWITTER,humanrights.eadl.ir,N,15,US,en,291
1466983790983593985,JJMAMI88,11,502,NaN,NaN,NaN,NaN,NaN,NaN,NaN,287
537959685,justworldtweets,NaN,NaN,https://twitter.com/justworldtweets?s=21,TWITTER,just-international.org,N,30,US,en,282
967729215721402368,PlanetTodayNews,NaN,NaN,https://x.com/PlanetTodayNews?s=20,TWITTER,planet-today.com,N,12.5,US,en,281
1608576778372521984,greenmedinfo,NaN,NaN,https://twitter.com/greenmedinfo,TWITTER,greenmedinfo.com,N,30,US,en,273
1428366356244664330,anise0316,12,297,NaN,NaN,NaN,NaN,NaN,NaN,NaN,244
1593943147557847041,HinduNarendra1,15,502,NaN,NaN,NaN,NaN,NaN,NaN,NaN,222
1316512549932859392,ColoradoHerald,NaN,NaN,https://twitter.com/ColoradoHerald,TWITTER,thecoloradoherald.com,N,7.5,US,en,220
836747320494436352,USTruthWire,NaN,NaN,https://twitter.com/ustruthwire?lang=en,TWITTER,conservativewiredaily.com,N,50,US,en,201
1035750989607841793,TheMinnesotaSun,NaN,NaN,https://twitter.com/TheMinnesotaSun,TWITTER,theconnecticutstar.com,N,40,US,en,200
878301356532146176,Providr,NaN,NaN,https://www.twitter.com/providr,TWITTER,providr.com,N,59.5,US,en,199
806611837693415428,allnewspipeline,NaN,NaN,https://twitter.com/allnewspipeline,TWITTER,allnewspipeline.com,N,7.5,US,en,190
1634827319255908352,Thaiku789,13,4684,NaN,NaN,NaN,NaN,NaN,NaN,NaN,183
1092538332981219328,VozWire,NaN,NaN,https://twitter.com/vozwire,TWITTER,vozwire.com,N,55,US,en,181
1594316181749788673,Sapnakhatri16_,17,635,NaN,NaN,NaN,NaN,NaN,NaN,NaN,174
911279861229948933,NVSenateUpdates,NaN,NaN,https://twitter.com/NVSenateUpdates/,TWITTER,nevadasenateupdates.com,N,37,US,en,169
960441026656776192,curiousmindmag,NaN,NaN,https://twitter.com/curiousmindmag,TWITTER,curiousmindmagazine.com,N,17.5,US,en,152
928095381203881985,2ADaily,NaN,NaN,https://twitter.com/2ADaily,TWITTER,secondamendmentdaily.com,N,12.5,US,en,135
1329195462398603264,NewsSurvive,NaN,NaN,https://x.com/NewsSurvive?s=20,TWITTER,survivethenews.com,N,0,US,en,128
1198616515488169985,TheTentacle1,NaN,NaN,https://twitter.com/TheTentacle1,TWITTER,thetentacle.com,N,25,US,en,123
1181334463550283777,MiMighty,NaN,NaN,https://twitter.com/MiMighty,TWITTER,mightymichigan.com,N,39.5,US,en,118
131294264,SteveRotter,NaN,NaN,https://x.com/SteveRotter?s=20,TWITTER,steverotter.com,N,7.5,US,en,97
1376613818835460098,flcapitalstar,NaN,NaN,https://twitter.com/flcapitalstar,TWITTER,theconnecticutstar.com,N,40,US,en,90
1453031999611064323,PADailyStar,NaN,NaN,https://twitter.com/PADailyStar,TWITTER,theconnecticutstar.com,N,40,US,en,78
937799852276064256,patriot_raging,NaN,NaN,https://twitter.com/patriot_raging,TWITTER,americanpatriot.news,N,57,US,en,77
2275780065,NewsWndr,NaN,NaN,https://twitter.com/newswndr,TWITTER,worldnewsdailyreport.com,N,20,US,en,75
1851981150,TnA1776,NaN,NaN,https://twitter.com/tna1776,TWITTER,truthandaction.org,N,7.5,US,en,73
4436681533,joinvaxxter,NaN,NaN,https://twitter.com/joinvaxxter,TWITTER,vaxxter.com,N,35,US,en,64
1428066441572454402,WIDailyStar,NaN,NaN,https://twitter.com/WIDailyStar,TWITTER,theconnecticutstar.com,N,40,US,en,63
759821534684905472,SvidokInfo,NaN,NaN,https://twitter.com/SvidokInfo,TWITTER,svidok.info,N,57.5,US,en,58
595644255,ClashDailyCom,NaN,NaN,https://twitter.com/clashdailycom,TWITTER,clashdaily.com,N,42,US,en,54
1246619413987471360,thelatribune,NaN,NaN,https://twitter.com/thelatribune,TWITTER,thelosangelestribune.com,N,52,US,en,53
836643708313403393,RedBlueDivide,NaN,NaN,https://twitter.com/RedBlueDivide,TWITTER,redbluedivide.com,N,32,US,en,50
3668805255,TimesVision,NaN,NaN,https://twitter.com/TimesVision,TWITTER,visiontimes.com,N,44.5,US,en,47
908716191614738432,maineexaminer,NaN,NaN,https://twitter.com/maineexaminer,TWITTER,maineexaminer.com,N,47,US,en,45
986339862453288961,dctribune,NaN,NaN,https://twitter.com/dctribune,TWITTER,dctribune.org,N,32,US,en,45
1247535087886823427,CRBeyond,NaN,NaN,https://twitter.com/CRBeyond,TWITTER,consciousreminder.com,N,42,US,en,44
1708468515592667136,Stewpeters1132,NaN,NaN,https://x.com/Stewpeters1132?s=20,TWITTER,stewpeters.com,N,7.5,US,en,43
1463323379537117187,rushlimbaugh,NaN,NaN,https://twitter.com/rushlimbaugh,TWITTER,rushlimbaugh.com,N,12.5,US,en,40
1461593994157199360,american_mirror,NaN,NaN,https://twitter.com/American_Mirror,TWITTER,theamericanmirror.com,N,22,US,en,37
1491524880323465220,YikesToday,NaN,NaN,https://twitter.com/yikestoday,TWITTER,yikestoday.com,N,22,US,en,37
814858130978996224,UpliftingToday,NaN,NaN,https://www.twitter.com/UpliftingToday,TWITTER,upliftingtoday.com,N,50,US,en,37
1473889073077141510,NewsLiveFree,NaN,NaN,https://twitter.com/NewsLiveFree/,TWITTER,newslive.com,N,44.5,US,en,32
1265323694173413378,RespectNH,NaN,NaN,https://twitter.com/RespectNH,TWITTER,respectnh.com,N,52,US,en,29
1440473945459740676,rightwingalert,NaN,NaN,https://twitter.com/rightwingalert,TWITTER,rightwingtribune.com,N,40,US,en,29
1640687231013625859,ReviewOrie45124,NaN,NaN,https://twitter.com/ReviewOrie45124,TWITTER,orientalreview.org,N,12.5,US,en,27
1199400063086272513,LancasterCouri1,NaN,NaN,https://www.twitter.com/lancastercouri1,TWITTER,lancastercourier.com,N,52.5,US,en,25
335960595,usnewson,NaN,NaN,https://twitter.com/usnewson,TWITTER,usnewson.com,N,44.5,US,en,23
1029527676833419265,TheMichiganStar,NaN,NaN,https://twitter.com/themichiganstar,TWITTER,theconnecticutstar.com,N,40,US,en,19
1042447153170309120,QNationUS,NaN,NaN,https://x.com/QNationUS?s=20,TWITTER,qnation.us,N,20,US,en,19
1586163728655220736,Unshackled_QE,NaN,NaN,https://x.com/Unshackled_QE?s=20,TWITTER,unshackledminds.com,N,0,US,en,18
1879257745,Worldtruthtvs,NaN,NaN,https://www.youtube.com/c/EddieWorldTruthTV/videos,TWITTER,worldtruth.tv,N,7.5,US,en,17
867759412198477829,SoShareThis,NaN,NaN,https://twitter.com/SoShareThis,TWITTER,sosharethis.com,N,49.5,US,en,16
200987317,elamerican,NaN,NaN,https://twitter.com/ElAmerican_,TWITTER,elamerican.com,N,57,US,en,15
864813532407361536,faithfamilyusa,NaN,NaN,https://www.twitter.com/FaithFamilyUSA,TWITTER,faithfamilyamerica.com,N,39.5,US,en,15
1275093660804222977,AriseOhio,NaN,NaN,https://twitter.com/AriseOhio,TWITTER,ariseohio.com,N,39.5,US,en,13
1359114643655036931,Russia_Main,NaN,NaN,https://twitter.com/Russia_Main,TWITTER,ru-main.ru,N,12.5,US,en,12
992121772450484224,TheMODownload,NaN,NaN,https://twitter.com/TheMODownload,TWITTER,missouridownload.com,N,47,US,en,12
1284584906857877506,thehealthguy,NaN,NaN,https://twitter.com/thehealthguy,TWITTER,naturalhealth365.com,N,7.5,US,en,11
1582939922259812352,respect_stories,NaN,NaN,https://x.com/respect_stories?s=20,TWITTER,respectidaho.com,N,52,US,en,9
2446935385,AFF_PATRIOT,NaN,NaN,https://twitter.com/AFF_PATRIOTS,TWITTER,americasfreedomfighters.com,N,0,US,en,9
1497004479169712129,ConnecticutStar,NaN,NaN,https://twitter.com/ConnecticutStar,TWITTER,theconnecticutstar.com,N,40,US,en,8
1596469960708165632,NeonNettle,NaN,NaN,https://twitter.com/NeonNettle,TWITTER,neonnettle.com,N,52,US,en,7
1192856031069528064,MagaVoter,NaN,NaN,https://twitter.com/MAGAVoter,TWITTER,magavoter.com,N,47,US,en,6
1046311936944558082,OopstopC,NaN,NaN,https://twitter.com/oopstopc,TWITTER,oopstop.com,N,7.5,US,en,5
1311016569967796224,standup_fl,NaN,NaN,https://twitter.com/standup_fl,TWITTER,standupflorida.org,N,39.5,US,en,5
1207325984296493056,Virginia_Works,NaN,NaN,https://twitter.com/Virginia_Works,TWITTER,virginiaworks.org,N,39.5,US,en,4